-0.040267143	0.04668959	0.036916066	0.020765388	-0.3289977	-0.08134009	0.066210546	0.23304206	0.046406135	0.061254118	-0.20690247	0.016105153	0.04520223	0.07104457	0.2024631	-0.06568472
-0.011721855	-0.010203961	0.06565448	0.044189584	-0.37447765	-0.056051396	-0.014135451	0.16268025	0.019770605	-0.004608745	-0.22011766	-0.0039627207	0.05115744	0.05864606	0.11950427	-0.07068495
0.29966447	-0.27440313	-0.19943042	-0.31782213	-0.4590723	0.058215838	-0.23670104	0.34886193	0.29894802	-0.29959399	-0.37616625	-0.24579579	-0.20527504	-0.2444619	0.34293988	0.2448161
-0.039294966	-0.02866422	0.0091124615	0.013471878	-0.22398415	-0.08436769	0.028979862	0.32043612	0.04922037	-0.015865348	-0.2981667	0.0054497872	0.013883236	-0.045891706	0.276812	0.03181103
-0.08415741	0.078021765	0.15225416	0.13390104	-0.29839495	-0.14049667	0.07899673	0.1671608	-0.009391425	0.07598275	-0.27012223	0.10045866	0.09910661	0.15575156	0.16794384	-0.07632387
-0.07010434	0.06970213	0.047372393	0.034499872	-0.2684128	-0.13321896	0.017947169	0.115508415	-0.025253708	0.017334247	-0.15360269	0.030286014	0.026657384	0.0536506	0.039990198	-0.06549063
0.2301772	-0.13569492	-0.19721554	-0.16154942	-0.33305678	0.0913627	-0.12896276	0.24220319	0.18582797	-0.13641447	-0.23024957	-0.20331654	-0.15994528	-0.1810369	0.21532123	0.11436847
-0.07453646	0.092495315	0.088643685	0.07398635	-0.16671285	-0.16671	0.1369862	0.12288022	-0.052632645	0.122664236	-0.21462944	0.112033196	0.14588265	0.09428174	0.07617223	-0.047503076
-0.019761812	0.07673262	0.08735239	0.052781712	-0.32109988	-0.043188877	0.070508875	0.11883624	0.029917834	0.058151215	-0.19952837	0.0024542296	0.088995434	-0.007689518	0.015420833	-0.063374855
-0.16964313	0.074360006	0.13983417	0.075670265	-0.21239455	-0.1275846	0.16082771	0.071737744	-0.12330811	0.08961481	-0.1838863	0.14645286	0.12062697	0.10603621	0.07591196	-0.10278237
-0.06630699	0.07123361	0.08478739	0.09603154	-0.08936413	-0.047963645	0.0145142265	0.1775669	-0.011457905	0.009749669	-0.21269925	0.08259364	0.07965643	0.024491409	0.14441372	-0.08289313
0.041623034	-0.05414214	-0.03207494	-0.10167859	-0.10018768	0.0456564	-0.061158955	0.16268422	0.065863065	-0.05773607	-0.17356783	-0.06607767	-0.11084925	-0.103083916	0.17878944	0.09607375
0.019765949	0.045736097	0.071458094	0.008118466	-0.22338277	-0.082910724	-0.02646272	0.108711004	0.072377056	0.033756785	-0.16548643	0.018156564	0.039270114	0.059499305	0.1077758	0.012861732
-1.0099341	0.910768	0.9349837	1.0666333	-0.37313846	-0.8040632	0.9472727	-0.69000953	-0.8294138	0.9865838	0.32699418	0.97771716	0.88300353	0.98339283	-0.62621254	-0.96657634
-0.083119735	-0.01381744	0.020198645	0.04115482	-0.1850206	-0.10110872	0.008020377	0.076209575	-0.04218438	-0.010388861	-0.10007739	0.045215026	-0.010248303	0.008359548	0.049636327	-0.015222911
-0.11123657	0.04663269	0.05675474	0.050793853	-0.21047588	-0.06742691	0.030221773	0.10860873	-0.004401939	0.09877944	-0.22621663	0.040354613	0.04192959	0.1000938	0.11286259	-0.0424358
0.21125692	-0.2202535	-0.22782107	-0.28323308	-0.27420884	0.07611396	-0.2261028	0.20987888	0.28224617	-0.21879165	-0.18461311	-0.2310796	-0.13977717	-0.21161011	0.1953885	0.1880879
0.18728118	-0.20319837	-0.19337016	-0.18840007	-0.026330072	0.088223934	-0.19609842	0.21702525	0.21259922	-0.16290505	-0.12662001	-0.18417102	-0.2000056	-0.23818235	0.15596594	0.18894805
1.3079482	-1.137872	-1.2394727	-1.3564551	0.41734648	1.0719517	-1.2966032	1.1591712	1.1182698	-1.2934333	-0.6289152	-1.3037088	-1.2172438	-1.3173726	0.9816633	1.2313085
0.8632648	-0.8453606	-0.80985653	-0.8817883	0.06785768	0.7418302	-0.8752531	0.8340618	0.8310782	-0.861654	-0.48946264	-0.8070104	-0.7781021	-0.93513286	0.6627789	0.84056807
0.029308727	-0.037044406	-0.023162676	-0.06673113	-0.17923762	-0.06110539	0.023572458	0.13402256	0.06279585	-0.061095566	-0.22821648	-0.06663453	-0.02225114	-0.030384645	0.10155781	0.02182883
-0.20652081	0.14573069	0.22852552	0.1753417	-0.18081191	-0.21455932	0.16784748	0.025577456	-0.13437584	0.20549898	-0.085287936	0.20312585	0.1700957	0.17723301	0.049618717	-0.22700414
0.19659826	-0.17287256	-0.154678	-0.16519769	-0.1795709	0.041688282	-0.17476273	0.26068833	0.1568457	-0.10751465	-0.2688356	-0.18377738	-0.16196999	-0.16588028	0.22720395	0.17584269
0.117696285	-0.09817792	-0.10037443	-0.07849346	0.15307532	0.108404264	-0.15518866	0.2123872	0.1714553	-0.1712856	-0.05210145	-0.07278536	-0.1434451	-0.098335594	0.15318643	0.10473611
0.086023144	-0.048916772	-0.06969554	-0.12483486	-0.060389075	0.071718924	-0.1306577	0.2275936	0.055980504	-0.14671388	-0.13772544	-0.08110365	-0.116383635	-0.14610241	0.1281988	0.10241268
0.26840985	-0.1955847	-0.18642154	-0.25252676	0.116042644	0.15248393	-0.22999704	0.2609733	0.20441423	-0.22536501	-0.031721197	-0.20168677	-0.17849797	-0.24155265	0.13509625	0.22276412
-0.015958926	-0.03133763	-0.04621731	-0.044400442	-0.18422428	0.0071777417	-0.06942503	0.14296374	0.061428193	-0.025914047	-0.22758175	0.0029241696	-0.022205815	-0.07291096	0.13818733	0.028309407
0.12364138	-0.15445559	-0.15488057	-0.19343886	-0.032796107	0.1257652	-0.18562466	0.22021	0.18122254	-0.13899472	-0.23692591	-0.18815629	-0.1968363	-0.12541527	0.1453237	0.17359874
-0.07594319	0.095242426	0.0330795	0.03848314	-0.26322523	-0.172864	0.02215722	-0.0041203084	0.009887264	0.051043447	-0.079741895	0.048020046	0.121888705	0.065915674	0.03735028	-0.08172437
-0.16400382	0.15370859	0.14839742	0.16439617	-0.15298936	-0.19245961	0.10503079	-0.10489209	-0.04818577	0.0999864	-0.052496076	0.109505974	0.0798936	0.123023145	-0.070229664	-0.08243614
-0.030309483	0.0016878713	0.020210808	-0.0270741	0.16269824	-0.015460267	0.02785539	0.09782336	-0.008134599	-0.036658254	0.057405155	0.007890337	-0.026142877	-0.01692739	0.03643741	0.049626328
-0.2254697	0.23536733	0.22497553	0.20762238	-0.2701161	-0.20478775	0.23522446	-0.15986344	-0.17109829	0.19979377	-0.057613827	0.25063068	0.28848338	0.28786778	-0.11712713	-0.20951915
0.26868218	-0.22278789	-0.20410295	-0.25696445	0.045362875	0.19480714	-0.248762	0.35121086	0.25400972	-0.27520066	-0.1836163	-0.22816657	-0.26538637	-0.2227235	0.21622567	0.25842258
0.2436182	-0.25620422	-0.24921335	-0.22493346	-0.027782148	0.13498741	-0.2118531	0.32452616	0.18594234	-0.20707114	-0.24719843	-0.23115598	-0.17812532	-0.2725238	0.23229927	0.21732679
0.31983444	-0.27170956	-0.297071	-0.24915756	0.10167884	0.28982702	-0.2443222	0.36327657	0.30596054	-0.2377477	-0.2338277	-0.30439	-0.3057522	-0.2595156	0.29623476	0.28764117
0.08077188	-0.044089966	-0.05566995	-0.11448813	-0.13124727	0.047877055	-0.11185463	0.07555123	0.07165298	-0.12257154	-0.20472924	-0.13010931	-0.08451353	-0.05225108	0.11869499	0.109265946
0.09749124	-0.13108073	-0.13956343	-0.13837154	0.007934805	0.10739762	-0.15684375	0.17596088	0.07483962	-0.1524486	-0.191287	-0.090233706	-0.08204603	-0.065506585	0.20260349	0.09129676
-0.071492046	0.021732533	0.058208372	-0.014228488	-0.23075432	-0.08990653	0.052764285	0.006898376	0.039051097	0.026328767	-0.07023474	0.023359073	0.057760835	-0.006151106	-0.029355863	-0.034831736
0.094574556	-0.08787655	-0.033444844	-0.09362402	0.037146874	0.009817631	-0.12201234	0.16993795	0.08695581	-0.11998142	-0.069636546	-0.058080312	-0.1171274	-0.12104106	0.10829635	0.06032558
-0.4281864	0.41229123	0.4062101	0.41272408	-0.19213496	-0.36587948	0.3326505	-0.29010615	-0.32464463	0.4003894	0.1017264	0.35155457	0.38301665	0.3590424	-0.21880937	-0.37869662
-0.08437675	0.112458594	0.076089524	0.088658616	-0.117194876	-0.09149663	0.09252637	0.041934088	-0.070332095	0.015067622	-0.14342245	0.10566079	0.10137804	0.10316078	0.014662724	-0.07814859
0.6274961	-0.5426981	-0.5456966	-0.661438	-0.0015910981	0.41794503	-0.6031827	0.6014934	0.5148713	-0.5725348	-0.400194	-0.5850274	-0.6108069	-0.62079906	0.4218256	0.53356904
0.10890592	-0.03976352	-0.07491209	-0.09080072	-0.110619694	0.021700958	-0.075964265	0.14147875	0.09198855	-0.10603457	-0.2080301	-0.06196174	-0.08671197	-0.059439994	0.14697035	0.12482981
0.12348261	-0.10451195	-0.050380714	-0.13875653	0.011089871	0.036036935	-0.08071654	0.22427498	0.10871784	-0.042220615	-0.20581679	-0.054686334	-0.1250898	-0.049632303	0.18845128	0.13529646
-0.051467825	0.045000885	0.06498677	0.03538912	-0.094434194	-0.0028928388	0.07095807	0.1326495	-0.012200791	0.06691908	-0.14487857	0.07409111	0.07607153	0.05183269	0.118931636	-0.07270466
-0.2928349	0.2436221	0.2503101	0.26542753	-0.19489199	-0.29391503	0.32780895	-0.021093773	-0.19759135	0.24349505	-0.08201382	0.32063928	0.2505998	0.3144042	0.0017708004	-0.32910872
0.04908391	-0.042103738	-0.10414419	-0.054878302	-0.07861243	-0.018351598	-0.07932964	0.093274094	0.09654041	-0.07572618	-0.03350672	-0.11177578	-0.023115443	-0.08173962	0.06816921	0.06892184
1.1794766	-1.0711008	-1.0250208	-1.1296468	0.34436136	0.9532285	-1.1297964	1.0233415	1.0475432	-1.0968825	-0.6667959	-1.1410463	-1.0871018	-1.1289417	0.8644392	1.0621179
-0.1712767	0.16035998	0.25694323	0.20724736	-0.24522	-0.19308177	0.23617445	-0.10964345	-0.21557151	0.25256705	0.01780943	0.18275735	0.25983864	0.25764593	-0.15302382	-0.2638869
0.26303482	-0.17843553	-0.18811423	-0.2067433	-0.09081777	0.13208392	-0.18916076	0.1648093	0.1792962	-0.16866641	-0.12887599	-0.18634611	-0.23951128	-0.2681305	0.1949592	0.25413013
-0.64935714	0.59249455	0.64295083	0.6708413	-0.3499467	-0.55381817	0.64446926	-0.45283422	-0.5762779	0.6146716	0.12934525	0.6099346	0.6041886	0.65841246	-0.33762458	-0.58989936
0.22976464	-0.18355991	-0.11765365	-0.2156934	-0.10055057	0.15393767	-0.15006486	0.16821463	0.15778947	-0.20274723	-0.1829048	-0.16196066	-0.1459063	-0.17508078	0.1459071	0.1345497
0.109123	-0.043364152	-0.07724143	-0.13013661	0.00970542	0.05336532	-0.09356396	0.15237246	0.0779235	-0.05111063	-0.1503457	-0.03638022	-0.09338282	-0.101625755	0.08663083	0.1093369
-0.22520618	0.13883036	0.20244844	0.17445354	-0.23356311	-0.22507201	0.13232148	-0.09856169	-0.13114315	0.18956676	0.088775314	0.1713109	0.14713871	0.1957574	-0.13379352	-0.18498895
0.9614579	-0.8958793	-0.8307737	-0.93803877	0.42153984	0.76833385	-0.9306799	0.78189653	0.865199	-0.84675825	-0.5033367	-0.8638823	-0.90420485	-0.9307097	0.74547184	0.9439025
0.0071552717	-0.032029983	0.020373333	0.024002882	-0.005891933	0.019227171	0.014587559	0.11850587	0.009810709	-0.03702731	-0.1412607	-0.042785253	-0.014061388	-0.017476264	0.14979051	0.03690445
-0.07865463	0.06020686	0.015328652	0.090688676	-0.115805335	-0.08616579	0.09162091	0.046973784	-0.013322091	0.040154997	-0.103398986	0.08026976	0.042342234	0.09659318	0.044741753	-0.07004371
0.11490177	-0.15415084	-0.08882377	-0.20440288	-0.26493785	0.053246953	-0.0920913	0.14790107	0.09138626	-0.10958408	-0.13403937	-0.1723647	-0.111949675	-0.103687555	0.10698575	0.13459313
0.2852336	-0.28212985	-0.32470435	-0.3507817	0.112264946	0.30197185	-0.32294405	0.33446497	0.28162032	-0.2796275	-0.3242342	-0.362033	-0.32421172	-0.31017056	0.32485023	0.33905116
-0.09968378	0.056543496	0.03497687	0.06336081	-0.08601943	-0.03470477	0.06459678	-0.08547562	-0.11333353	0.12727417	0.029922418	0.03861711	0.043777067	0.058697786	-0.060143948	-0.13427114
-0.0890891	0.049906116	0.08220238	0.09313893	-0.17387465	-0.10060181	0.020911425	-0.01679713	-0.05486605	0.024979975	0.00017939381	0.055075306	0.11359807	0.090564795	-0.047755137	-0.019761527
-0.11977355	0.09982378	0.037302755	0.09209024	-0.11761311	-0.096358895	0.0935827	0.08923471	-0.062414177	0.043792	-0.110285155	0.047728498	0.08075852	0.071662605	0.037239287	-0.08099989
-0.24113043	0.25050262	0.19964983	0.26746464	0.12781031	-0.13968284	0.26731366	-0.284855	-0.24277826	0.26052624	0.27544707	0.24764417	0.23620725	0.22984952	-0.276087	-0.24952458
-0.35020497	0.35160676	0.28990644	0.31556383	-0.34601137	-0.38363492	0.301922	-0.21074106	-0.27879226	0.37594256	0.0060228524	0.35500285	0.346154	0.34347922	-0.24509613	-0.39728096
-0.276178	0.250065	0.25288743	0.25661975	-0.119749576	-0.23054281	0.26044568	-0.04766208	-0.18823206	0.2362929	-0.014199296	0.19874533	0.25228927	0.26134303	-0.01936505	-0.2294225
0.20848577	-0.16653839	-0.20420942	-0.1417195	-0.1177827	0.14380404	-0.20141873	0.20226143	0.2263231	-0.15587199	-0.1711675	-0.15041757	-0.17743836	-0.17963742	0.16402608	0.19636811
-0.45135725	0.40532112	0.36022675	0.4511672	-0.28327295	-0.32256988	0.39579597	-0.26230457	-0.3224626	0.37284037	0.046514653	0.423603	0.39481375	0.38784137	-0.20528105	-0.41257203
-0.5102858	0.546345	0.522643	0.51343167	-0.35803244	-0.44892812	0.57443076	-0.32483214	-0.5066212	0.51873314	0.121685155	0.5035354	0.47617736	0.5882181	-0.31664917	-0.57746404
-0.3148464	0.3166031	0.27464208	0.31270948	-0.20792684	-0.2751855	0.30557275	-0.114066556	-0.3007531	0.29023287	0.061481122	0.27522632	0.3084467	0.31881994	-0.09318739	-0.33230278
0.47945052	-0.5228856	-0.49755394	-0.56907696	0.23729025	0.42999917	-0.52714115	0.49401942	0.51969767	-0.4995794	-0.42665425	-0.5233154	-0.46356523	-0.48991436	0.44791666	0.56272715
0.20725375	-0.24111554	-0.25199872	-0.3017389	0.023346081	0.2352717	-0.23107098	0.27079892	0.2082365	-0.2526507	-0.18295936	-0.20412736	-0.27515015	-0.22391544	0.18375921	0.1898773
-0.08425061	0.024948606	0.043537024	0.10481225	0.08224853	-0.038325645	0.04527869	0.039802875	-0.09868082	0.106482446	0.069182046	0.045986585	0.029580193	0.09996992	0.02704887	-0.09580731
1.0035639	-0.89935714	-0.8877176	-1.0450867	0.16269854	0.8051951	-0.95865697	0.9260691	0.9337438	-0.94799966	-0.60041857	-0.9669275	-0.8941288	-0.9850855	0.8354422	0.96644413
-0.18110459	0.09819666	0.09138252	0.11804105	-0.1275747	-0.15222879	0.113901354	-0.07432101	-0.083060525	0.14412789	0.010257819	0.17221902	0.15593822	0.17048216	-0.047870845	-0.09597447
-0.029914897	0.05344806	0.06472572	0.038999803	-0.123123325	-0.09842246	0.078078456	0.08268095	-0.0081718415	0.065378934	-0.08101412	0.042047292	0.06528291	0.06597848	0.04114063	-0.044166867
0.99525213	-0.8755709	-0.86648446	-1.0346663	0.34707546	0.80968565	-0.9715084	0.82667625	0.9137943	-0.8959852	-0.56197894	-0.9342804	-0.8818463	-0.99434227	0.7394788	0.99529976
-0.049422342	0.028174812	0.04495057	0.0774134	-0.060615554	0.005093498	0.045130976	0.12111102	-0.037560854	0.014965135	-0.13805875	0.07376165	-0.0021752017	0.008579403	0.08702265	-0.09037953
-0.1922368	0.26690617	0.16986667	0.19846497	-0.22754754	-0.22787876	0.19231388	-0.053252652	-0.12969059	0.23853588	-0.026566425	0.2632779	0.20285784	0.2389099	-0.06862664	-0.20543751
-0.50125104	0.46456417	0.4193061	0.47597766	-0.23456433	-0.3755045	0.43964493	-0.3230869	-0.36933613	0.4548361	0.08377082	0.44117424	0.4773727	0.41502702	-0.26110125	-0.47340453
0.61625487	-0.54300076	-0.58648324	-0.57665235	0.20079054	0.46669278	-0.550639	0.59037304	0.5795277	-0.5946616	-0.38540885	-0.5592367	-0.5741486	-0.59086096	0.51697487	0.56493413
-0.12910026	0.16762932	0.12107977	0.1447656	-0.24209188	-0.18727167	0.18472941	-0.07500523	-0.1363091	0.13119856	-0.034431983	0.13111529	0.14039049	0.1316867	-0.018173086	-0.14430735
0.2611519	-0.21684168	-0.18278699	-0.2549692	0.05644693	0.22044392	-0.2560794	0.15936913	0.2577952	-0.20971972	-0.10179039	-0.17367387	-0.23203243	-0.1892656	0.21150719	0.19587697
-0.30812535	0.3276417	0.30661908	0.3341837	-0.17136814	-0.23048334	0.3299583	-0.058150515	-0.27093235	0.29588252	-0.049496688	0.30519038	0.29366964	0.27442008	-0.091441765	-0.2911552
0.02855727	-0.03503852	0.0260815	0.017348962	-0.09788563	0.030427786	0.011941334	0.15945104	-0.014267782	0.015459653	-0.16818276	-0.0011507195	0.04019196	-0.027452497	0.14163423	-0.03839063
-0.020552251	0.0065080584	0.005207413	0.00060550094	-0.08200286	-0.0038781716	0.073651895	0.06338699	0.022895478	0.050683044	-0.1550436	0.058533516	0.06798533	0.055263087	0.07158526	-0.010530807
-0.57902044	0.6221991	0.60012394	0.6570846	-0.36521494	-0.5095148	0.59332705	-0.42429456	-0.5410613	0.61171365	0.13645168	0.6209813	0.56203717	0.6122041	-0.34612858	-0.609652
-0.26702803	0.2785099	0.28658894	0.33684754	-0.28381968	-0.2544847	0.24706154	-0.2340841	-0.30764845	0.30126965	0.10191719	0.30783135	0.3029856	0.2631249	-0.14274399	-0.26480553
1.0629351	-0.9523744	-0.968847	-1.0727309	0.5096482	0.893855	-0.97042	0.896904	0.9654627	-0.9638442	-0.5901245	-1.0579281	-1.0233996	-0.989062	0.7933242	1.0294417
0.6143457	-0.50662833	-0.56288964	-0.62136143	-0.0375921	0.43077686	-0.5284929	0.53239	0.5466514	-0.6066264	-0.36056098	-0.56155866	-0.529475	-0.6004441	0.416634	0.5490308
0.1676762	-0.0879584	-0.10591071	-0.1525665	-0.13234715	0.09672111	-0.17229089	0.123055406	0.09940534	-0.18123478	-0.15826388	-0.11728336	-0.08176195	-0.14325364	0.17512153	0.13406506
-0.112755924	0.18901195	0.10031773	0.19812147	0.11184168	-0.057100575	0.11648945	-0.15852799	-0.15157752	0.12342166	0.28636822	0.18740933	0.10498474	0.1445733	-0.2586214	-0.1359026
0.11480223	-0.094664864	-0.16013667	-0.12750074	0.15570755	0.14049435	-0.16420998	0.15633275	0.11574531	-0.15769267	0.07512249	-0.13395956	-0.15898827	-0.18547136	0.10860141	0.15417847
0.096497335	-0.079132594	-0.084283434	-0.08025481	-0.14652395	0.0163531	-0.12737602	0.18092617	0.09432759	-0.12659548	-0.13223949	-0.0535509	-0.11192316	-0.122119	0.13790855	0.11081106
-0.3644331	0.2856352	0.29214975	0.34718257	-0.0015630309	-0.25277442	0.30546007	-0.3072928	-0.26003298	0.28170928	0.2536849	0.30776948	0.33559322	0.33915308	-0.31453133	-0.27049232
-0.16976908	0.09984944	0.0941595	0.14532518	0.0022006184	-0.13117863	0.1394725	-0.025623823	-0.107935674	0.080959655	-0.046571285	0.07599487	0.13759045	0.1713872	-0.034379225	-0.16130002
0.4925475	-0.46911317	-0.52235895	-0.59331346	0.14361279	0.4159855	-0.5068339	0.52530605	0.52155006	-0.4958476	-0.42105347	-0.54393125	-0.51427555	-0.5478221	0.47909877	0.5027064
-0.097678326	0.07751127	0.14919014	0.08608661	-0.107082576	-0.1094695	0.12003064	-0.048558485	-0.105898455	0.13115615	-0.09177731	0.13169368	0.1277312	0.106726415	-0.0023937167	-0.11001374
0.18774663	-0.09445739	-0.10777184	-0.19430068	-0.033713453	0.11039981	-0.1815708	0.31036288	0.2093403	-0.16408153	-0.28148052	-0.1299393	-0.11495412	-0.14598963	0.24143682	0.14253035
0.2216825	-0.23240474	-0.23390113	-0.26650232	0.13843691	0.23281722	-0.2563305	0.25092435	0.1842378	-0.24286678	-0.022298137	-0.2048536	-0.24405673	-0.21977147	0.16012888	0.19935362
-0.09782097	0.0560546	0.042744137	0.058877405	-0.08939022	-0.094858974	0.078719966	0.011607765	-0.061335925	0.118716	-0.09009013	0.1019543	0.023498716	0.029252993	-0.017730897	-0.11064667
0.08225397	-0.09176911	-0.14199384	-0.10298326	-0.011161244	0.055370636	-0.13980623	0.144684	0.12131554	-0.16062316	-0.07197025	-0.14822495	-0.08066707	-0.16833016	0.06901396	0.15805405
0.18382703	-0.19989158	-0.2305221	-0.19098678	0.14863674	0.22917445	-0.19526727	0.3163028	0.18123269	-0.20790392	-0.23364623	-0.18129274	-0.19616692	-0.2202578	0.23985547	0.17281768
-0.1346771	0.13243015	0.15134552	0.09909986	0.022048084	-0.09796935	0.10635459	0.016118849	-0.060960606	0.13053997	-0.033399425	0.102295846	0.12019215	0.12746018	0.015083247	-0.10858499
-0.09761131	0.102376305	0.07303926	0.038919453	-0.04979319	-0.09579133	0.034630343	-0.000802683	-0.059081513	0.03584261	-0.10230222	0.06101708	0.061923195	0.11285475	0.048035443	-0.033866055
-0.54767185	0.4523977	0.48380196	0.5848983	-0.26607177	-0.40457562	0.53775597	-0.3659796	-0.4245	0.5246003	0.112625144	0.45949355	0.43136328	0.51043564	-0.2932485	-0.52897483
-0.16141875	0.092562005	0.17991056	0.09487827	-0.34654313	-0.1894259	0.16467115	-0.049391564	-0.051301155	0.15343265	-0.056836087	0.13359287	0.17034772	0.175264	-0.018988475	-0.1671091
-0.19824797	0.18019803	0.26507607	0.23911855	-0.31856287	-0.18507265	0.197881	-0.14775321	-0.19978397	0.17844568	0.044432715	0.18125933	0.23682538	0.23661248	-0.1674165	-0.21580718
0.016595794	0.0038305065	-0.025267195	-0.032175757	-0.27861392	-0.01939051	-0.012824404	0.027966445	0.046942335	0.023322633	-0.13504432	0.012168061	0.050889924	0.033696957	0.09086212	0.042419374
-0.084126614	0.11815272	0.06394363	0.10115481	-0.1466136	-0.061857726	0.10468869	0.008575649	-0.09807514	0.09629464	-0.011995241	0.10861532	0.054249723	0.07145938	0.016252141	-0.06667722
0.05191917	-0.093417294	-0.08100916	-0.07818567	-0.04834234	0.068816714	-0.02503055	0.10773005	0.048798285	-0.027213763	-0.03562756	-0.052058086	-0.039100315	-0.051317234	0.117807254	0.077191636
0.20430428	-0.27413303	-0.23271888	-0.24642037	-0.01401437	0.15881681	-0.23325424	0.24775772	0.24269076	-0.24132432	-0.1934883	-0.24722035	-0.20353368	-0.2066548	0.2012223	0.21721338
-0.95694053	0.8951683	0.98948514	1.0320088	-0.59589964	-0.898679	0.96384025	-0.7842723	-0.9194313	0.9600407	0.42493892	0.98450184	0.9793969	1.0481857	-0.77984583	-1.0168902
-0.19704619	0.19562301	0.2336346	0.25972977	-0.24167174	-0.15368079	0.21080004	-0.166089	-0.24113475	0.24426976	0.011925186	0.26608953	0.26135406	0.27127367	-0.17311086	-0.20628187
0.056972332	0.01357611	0.03475322	0.02627965	-0.16753748	0.03964308	0.034793176	0.0873607	-0.005941815	-0.026241574	-0.10570414	0.020290546	-0.01639572	-0.011262159	0.07673316	-0.011211919
-1.0030482	0.8815485	0.8349248	0.9204863	-0.5928593	-0.90769506	0.8976444	-0.83391064	-0.86458224	0.9398294	0.36409697	0.9556313	0.9283266	0.90067667	-0.6698539	-0.91477656
-0.1701058	0.21513346	0.18092984	0.1544505	-0.121180855	-0.17491545	0.17835644	-0.16401087	-0.13706319	0.12862802	0.051549774	0.13740891	0.15020221	0.17491321	-0.13099495	-0.16286911
-0.030083952	0.073828705	0.09000127	0.09471903	-0.053112585	-0.019774323	0.10466288	-0.05001735	-0.024066625	0.050584175	-0.038478166	0.06833368	0.08807517	0.11950272	0.031212442	-0.101381354
-0.05566238	-0.006242034	0.07830983	0.017427385	-0.15734887	-0.07914507	-0.014545145	0.029124562	-0.0021468657	0.019491017	-0.12863998	0.062185388	0.08842461	-0.0042866063	0.06327678	-0.049842883
-0.77985173	0.75076514	0.7496257	0.79835826	-0.44984823	-0.65834945	0.79545325	-0.6215473	-0.6841276	0.77970284	0.36393097	0.7458623	0.74144965	0.84354603	-0.563248	-0.77445155
0.19151221	-0.18762647	-0.16770108	-0.16539717	0.16412003	0.1336283	-0.12780663	0.05655988	0.08230709	-0.13554089	0.037900493	-0.17777158	-0.19054547	-0.15845147	0.053434175	0.1832015
-0.67788076	0.64039373	0.61334157	0.71182996	-0.26842713	-0.6201642	0.6006037	-0.6416143	-0.63968295	0.61475563	0.407877	0.69547427	0.6754519	0.69108737	-0.542664	-0.6647517
-0.06740956	0.049491912	0.026232107	0.06898125	-0.14001237	-0.07469471	0.056966458	0.07433039	-0.06401193	0.07952976	-0.09630199	0.0845689	0.07410543	0.011155864	0.06877965	-0.07562548
0.1455757	-0.10553794	-0.13679431	-0.17233099	-0.067884356	0.1072899	-0.13880098	0.15124103	0.16088432	-0.09166951	-0.109629065	-0.07918178	-0.08318064	-0.08726277	0.15554446	0.14123309
1.0796459	-1.0188562	-1.0183007	-1.0828546	0.47843537	0.97817075	-1.0068191	0.9763793	0.9698215	-1.0150867	-0.59466624	-1.0338403	-1.0348257	-1.0544593	0.8984148	1.0225853
-0.9673688	0.8421003	0.9077431	0.95266956	-0.5345495	-0.88184	0.8495375	-0.77182585	-0.793485	0.8274894	0.34924328	0.95123965	0.94195604	0.9176285	-0.6929842	-0.90789044
-0.20525883	0.14091833	0.15454307	0.12835674	-0.14915983	-0.1528652	0.16154973	-0.012331446	-0.10244418	0.1082045	-0.05767826	0.19965342	0.17947197	0.2033921	-0.015141291	-0.18221074
-0.341774	0.3161218	0.34397456	0.4226106	-0.35409862	-0.36714238	0.40446776	-0.2467916	-0.3581489	0.3871115	0.0042429166	0.3889693	0.33797207	0.40812838	-0.15919662	-0.3551965
0.7695004	-0.6778894	-0.64829123	-0.7337727	0.21589965	0.64027524	-0.6737371	0.7002574	0.6428832	-0.7425284	-0.4739148	-0.7534257	-0.6340946	-0.7016648	0.5533031	0.68743634
-0.5316485	0.4931609	0.45952213	0.52532244	-0.039358117	-0.3697368	0.5050497	-0.45553973	-0.4579942	0.5108693	0.3048141	0.49139184	0.50989676	0.52970976	-0.43831435	-0.5020054
-0.42570812	0.34848794	0.3805754	0.41447625	-0.07538	-0.33764517	0.41187376	-0.32064155	-0.3658331	0.41387567	0.16256437	0.44489372	0.42418998	0.46103725	-0.2189366	-0.39659265
0.10278128	-0.073285915	-0.11916984	-0.080814645	0.0050379448	0.042647965	-0.09044259	0.09711219	0.053184703	-0.04351477	-0.04724812	-0.07004578	-0.04468544	-0.10264413	0.14877786	0.038208168
0.2953099	-0.24238865	-0.2750855	-0.24056011	0.17309041	0.26420817	-0.21210998	0.259929	0.24966161	-0.30017594	-0.2518404	-0.24654527	-0.24154098	-0.22973666	0.26418006	0.2808615
0.21424802	-0.25865477	-0.25919276	-0.29624113	-0.033539712	0.2355454	-0.25502557	0.24047388	0.23326884	-0.20900558	-0.18492325	-0.18267761	-0.2525433	-0.2122676	0.12944303	0.20770898
-0.10614242	0.085082985	0.043297388	0.07293067	-0.13935944	-0.030771546	0.0801691	0.001704468	-0.015697652	0.063349016	-0.07757584	0.06760966	0.08277997	0.11643254	-0.025226653	-0.083128974
-0.04397624	0.06837126	0.0036280258	-0.028769918	-0.18255207	-0.06832553	0.019792777	0.012720276	0.037407152	-0.021496113	-0.09271258	0.008673194	0.07324859	-0.007875505	0.07726211	-0.038525164
0.54529124	-0.4872238	-0.45447612	-0.57085466	0.017942445	0.39451495	-0.5097011	0.4975227	0.43098167	-0.43276408	-0.3451177	-0.44740796	-0.4327965	-0.53918684	0.3587752	0.5088336
0.06179319	0.03421285	0.027769363	-0.008338	0.07445561	0.07579993	0.03385743	0.16278906	0.06363005	0.03075367	-0.12918533	-0.03733368	0.01750708	-0.029840365	0.11647549	0.026846306
-0.41564348	0.41690382	0.37835664	0.447973	-0.20647733	-0.3616132	0.36706683	-0.22856933	-0.31434056	0.43107465	0.10731464	0.36243558	0.4105559	0.44993782	-0.25517625	-0.42816028
0.25021395	-0.27700692	-0.28537148	-0.25482392	0.24824655	0.26611888	-0.32194445	0.33112228	0.3146562	-0.25065374	-0.218836	-0.3267878	-0.24575514	-0.27395728	0.30950925	0.30426738
0.2188928	-0.19054665	-0.21164134	-0.25353727	0.020346329	0.14393651	-0.22247869	0.21822277	0.22928505	-0.20833093	-0.12879859	-0.21318255	-0.21943183	-0.22171319	0.17238495	0.22049876
-0.8917471	0.8833274	0.8115535	0.96370673	-0.52723163	-0.8421736	0.9067008	-0.76621	-0.8458687	0.8454389	0.3493737	0.8620194	0.86857086	0.880261	-0.66481143	-0.9317777
0.5732717	-0.47641298	-0.46920738	-0.5803128	0.21422091	0.38020417	-0.5017773	0.46336445	0.49320766	-0.52430457	-0.37535116	-0.558166	-0.5360577	-0.5466966	0.4443458	0.5610036
0.18531284	-0.22099996	-0.21582162	-0.20838057	0.007715202	0.150859	-0.19511956	0.22413398	0.21369556	-0.20977803	-0.17748491	-0.23456693	-0.20298463	-0.23373747	0.17276491	0.23793255
-0.9742679	0.9624979	0.9226323	1.0644414	-0.6488388	-0.94115937	0.98942715	-0.94127065	-0.9188283	0.98675066	0.650953	0.9870358	0.9732516	0.99585116	-0.8251301	-1.0472424
0.2883565	-0.274566	-0.24668412	-0.28163692	0.07295171	0.22847423	-0.26631936	0.25405782	0.29341242	-0.27436742	-0.22094044	-0.2502981	-0.26061547	-0.34139967	0.23343885	0.24856405
0.7072443	-0.640363	-0.6611965	-0.66667	0.31209752	0.57132864	-0.63410646	0.5685326	0.5589328	-0.6887145	-0.36397883	-0.6844223	-0.62015975	-0.6761907	0.48297948	0.6651759
-0.08523471	0.05929135	0.12459266	0.06893491	-0.06390097	-0.10086588	0.038426336	-0.032777525	-0.07685944	0.11572144	0.010084465	0.095630564	0.07345335	0.12897594	-0.027038446	-0.049800962
0.34739754	-0.29946867	-0.27401608	-0.32538408	0.08251289	0.24082004	-0.2842364	0.3694784	0.30481234	-0.31320208	-0.2974544	-0.32129303	-0.3490338	-0.35548636	0.33008477	0.31105277
0.024988227	-0.0029798811	0.021410193	0.04298834	0.049413443	-0.0047469735	0.047414985	0.003149807	-0.015297257	0.05225996	-0.034461547	0.06338585	-0.027066445	-0.026736101	0.044948366	-0.029882492
-0.026219197	0.039891794	0.09959534	0.06499909	-0.09506612	-0.11477214	0.054031394	-0.029679745	-0.10223225	0.11007292	-0.01360757	0.11446651	0.109052755	0.08461233	-0.025545554	-0.112400495
0.33071446	-0.31272253	-0.35291073	-0.32019165	0.064475685	0.3202759	-0.33247674	0.30989772	0.29652518	-0.37926295	-0.18100157	-0.36918914	-0.3082817	-0.31450883	0.24022177	0.31535953
-0.24025635	0.22858629	0.24175565	0.21728896	-0.24324417	-0.1801339	0.21045604	-0.012157932	-0.14648417	0.22639933	-0.0988721	0.18708372	0.22689791	0.25800234	-0.005629118	-0.1769378
0.58561057	-0.6200862	-0.5753136	-0.6775635	0.35592836	0.52378625	-0.6339611	0.5499645	0.567927	-0.64337724	-0.39943215	-0.6450053	-0.6044442	-0.64033026	0.5886809	0.6081634
-0.034018517	0.037566736	0.037541993	0.015395861	-0.18663996	-0.022572268	-0.028727533	0.08485243	0.042801276	0.039569467	-0.12555428	-0.013542623	-0.0031230177	0.015291493	-0.0053258296	0.029804539
0.20692775	-0.1482823	-0.16140933	-0.115052395	0.017653832	0.16176039	-0.1222881	0.20660166	0.1355794	-0.12817268	-0.1612405	-0.14579898	-0.114431456	-0.20067465	0.14143075	0.17553777
0.3109962	-0.27243853	-0.33762953	-0.38520586	0.20505205	0.2876438	-0.316318	0.3548654	0.29919472	-0.30156243	-0.18325308	-0.31760737	-0.3124145	-0.30523357	0.3288292	0.36023316
-0.35668635	0.3372878	0.2563452	0.35952413	-0.1419418	-0.2854987	0.31318587	-0.25799355	-0.29132006	0.26853842	0.12692624	0.26926318	0.33631745	0.33886674	-0.21067895	-0.32805842
-0.13990362	0.13095918	0.1866898	0.14697732	-0.1139723	-0.20321503	0.12892202	-0.0668998	-0.14838566	0.14399531	0.05619648	0.16169396	0.14136198	0.13079105	-0.024504457	-0.12250215
0.094722055	-0.062224817	-0.058551043	-0.02692537	0.03917558	0.07310817	-0.03072993	0.085044004	0.07041094	-0.04216789	-0.0789117	-0.07206697	-0.08739065	-0.06609247	0.15415856	0.055205807
0.13679813	-0.12266365	-0.09546495	-0.11423384	0.08889901	0.08146735	-0.1396865	0.23465265	0.11370897	-0.15830328	-0.16045806	-0.16860195	-0.13040532	-0.18591471	0.19600761	0.12953666
-0.62358874	0.5815982	0.54063344	0.6202061	-0.33418652	-0.52784556	0.51543546	-0.4691913	-0.5045601	0.5573196	0.34694573	0.58875155	0.58419913	0.5825421	-0.40926227	-0.5401469
0.59812105	-0.6129495	-0.56023204	-0.60714555	0.063057534	0.50406444	-0.6379854	0.520487	0.564882	-0.5785386	-0.4123144	-0.6200288	-0.5806566	-0.63042384	0.48998952	0.635952
-0.025571585	0.069262385	0.10912415	0.051804703	0.02193798	-0.049499806	0.07548575	0.009207069	-0.07079243	0.034287576	-0.007721645	0.0712064	0.07528336	0.115889505	0.04511006	-0.0730602
-0.32557005	0.2919901	0.27847227	0.31092882	-0.2710461	-0.1975318	0.29530296	-0.10940893	-0.23260586	0.27394333	-0.06479127	0.3062007	0.256145	0.30474722	-0.101345025	-0.28752682
0.10473927	-0.021240987	-0.011997886	-0.048198186	-0.029794173	0.033750392	-0.053265195	0.13250642	0.057610612	-0.10307077	-0.054113477	-0.10025871	-0.09324261	-0.072651885	0.12809275	0.090083025
-0.17376606	0.20863925	0.18258375	0.25566426	-0.24313636	-0.20814611	0.2589628	0.0015429214	-0.121765375	0.19251496	-0.02061201	0.17856425	0.18633884	0.23972811	-0.05654653	-0.20515962
-0.65268475	0.56616205	0.58333915	0.60619885	-0.27989817	-0.55498844	0.61512023	-0.5400285	-0.5553999	0.5976704	0.3256546	0.5869152	0.6341246	0.5976562	-0.41717383	-0.5777466
0.12653515	-0.095461816	-0.104988456	-0.10698046	0.10799588	0.1461547	-0.09447537	0.19164203	0.15208429	-0.10480662	-0.20461772	-0.18263677	-0.16939627	-0.1839522	0.16375826	0.18692623
-0.56712353	0.5228929	0.51590115	0.5642237	-0.3785767	-0.444534	0.4991517	-0.38336664	-0.42723587	0.4765183	0.19701505	0.52429867	0.45529994	0.48407835	-0.36136928	-0.5283507
-0.19396257	0.1303506	0.20847404	0.23042783	-0.09740072	-0.18357855	0.21677914	-0.04769671	-0.19114901	0.1297174	0.052078485	0.13256341	0.19249089	0.14537379	-0.100099206	-0.1893741
0.1332311	-0.15582214	-0.17632718	-0.11932355	0.019336153	0.16039263	-0.1468755	0.27188212	0.13322435	-0.15366662	-0.18207227	-0.15680726	-0.111622654	-0.16883598	0.17665574	0.10633672
0.16993155	-0.2226287	-0.14011876	-0.23900834	0.015196362	0.15491255	-0.20415814	0.21045958	0.2314488	-0.17691663	-0.114515804	-0.14296861	-0.16603725	-0.19190274	0.1959108	0.20995958
-0.29487577	0.21945122	0.23267864	0.2866835	-0.2032932	-0.2726382	0.20632315	-0.20397687	-0.2188589	0.23953305	0.14284268	0.2101029	0.22144306	0.2467907	-0.2194139	-0.2589693
0.2034279	-0.17124811	-0.24860421	-0.2926791	0.09066674	0.19389878	-0.19972664	0.29017946	0.24823663	-0.22417831	-0.10701547	-0.24145973	-0.21601243	-0.22227816	0.16005427	0.2654228
0.24017888	-0.21449962	-0.264592	-0.28743625	0.07973797	0.17646617	-0.26304513	0.26012483	0.18744558	-0.22238736	-0.18814	-0.2350512	-0.21630219	-0.24679537	0.20644294	0.26123077
-0.24290423	0.18657398	0.15972188	0.26520926	-0.109222755	-0.19880702	0.22043453	-0.17450494	-0.16282906	0.22990283	0.017993204	0.22409473	0.18576887	0.20999494	-0.12564875	-0.18579255
0.10070351	-0.05436815	-0.116428114	-0.14378068	-0.041140363	0.08939829	-0.10757483	0.09493221	0.08728397	-0.14142586	-0.08330396	-0.10342118	-0.13371217	-0.111850746	0.12965576	0.12457951
0.08717624	-0.055007175	-0.13435008	-0.102458745	-0.05437017	0.088638484	-0.09012137	0.074703574	0.115605704	-0.08186924	-0.053616595	-0.044865463	-0.10725771	-0.10050394	0.08492285	0.110872425
-0.19723068	0.22514866	0.19800302	0.15188266	-0.3125777	-0.21798435	0.21340962	-0.1181707	-0.15286748	0.1527314	0.06004726	0.21025285	0.17581598	0.16675289	-0.16278845	-0.15443796
-0.3693472	0.35293472	0.3971799	0.35756168	-0.19640481	-0.29927006	0.38426957	-0.26671374	-0.29343185	0.37186244	0.23014241	0.32285732	0.3361582	0.42171627	-0.3364217	-0.37398115
0.4067512	-0.39250353	-0.37379217	-0.42347825	0.21185791	0.36754632	-0.40870816	0.40363792	0.36606002	-0.3762442	-0.35507184	-0.4084913	-0.37035808	-0.4317416	0.41233125	0.3742712
-0.8952089	0.8182307	0.8913501	0.93815076	-0.5508169	-0.8708193	0.84382915	-0.79260635	-0.8150785	0.8818211	0.52477986	0.8690519	0.8974632	0.9460399	-0.7417273	-0.87283415
-0.23292644	0.23074205	0.17522265	0.14128082	-0.20211965	-0.18663916	0.22805046	-0.047285188	-0.14436777	0.19870417	-0.112771496	0.21064058	0.16827644	0.20923911	-0.027499352	-0.16956277
-0.4977366	0.47618023	0.45346084	0.4604263	-0.3090034	-0.48856318	0.4347798	-0.3895625	-0.37000948	0.45839453	0.07693108	0.48253885	0.45544454	0.5008388	-0.32885152	-0.48385772
0.87109977	-0.83153695	-0.84305495	-0.91979694	0.33065718	0.76764935	-0.82439107	0.7838959	0.82841986	-0.80848604	-0.54377645	-0.82857233	-0.8279913	-0.8330517	0.6961201	0.8531847
-0.10500766	0.10059415	0.15354177	0.13932571	-0.017990299	-0.120153286	0.105529815	-0.13270473	-0.140592	0.15651059	0.052906256	0.14441006	0.09879502	0.18145913	-0.10300886	-0.1254451
-0.25051394	0.23068601	0.28679007	0.22672552	-0.07539908	-0.17011873	0.23447585	-0.20320493	-0.2366413	0.21542808	0.11453113	0.25503653	0.25355518	0.30356014	-0.16248147	-0.21203692
-0.63448715	0.5848681	0.54465145	0.5604564	-0.39832973	-0.55262375	0.53768337	-0.46705088	-0.5293232	0.52142924	0.17675346	0.6031374	0.5774944	0.6235805	-0.38199383	-0.58269656
0.24691088	-0.20378336	-0.20591442	-0.2594781	-0.099128075	0.14587413	-0.22498749	0.24020632	0.22457306	-0.29654202	-0.31152478	-0.21478122	-0.23953766	-0.28359392	0.2830708	0.25840425
0.04269824	-0.042670935	-0.0943378	-0.08702879	-0.004392769	0.07956418	-0.017765759	0.1882574	0.12623903	-0.107590474	-0.14395061	-0.11607692	-0.105794795	-0.06551766	0.104536384	0.042876508
-0.40797096	0.3278653	0.3086113	0.35847232	-0.17050497	-0.30699313	0.3860047	-0.26553398	-0.31005785	0.38554582	0.12783538	0.34194195	0.3733967	0.38676557	-0.24340549	-0.38286948
0.22941737	-0.19646922	-0.197237	-0.2702158	0.02053701	0.16894968	-0.1966396	0.21185881	0.21900956	-0.23912045	-0.11640502	-0.252023	-0.19522257	-0.27410427	0.2044955	0.20536031
0.12041718	-0.11326635	-0.06738399	-0.06696635	0.037484847	0.12615465	-0.10907011	0.18144794	0.13442296	-0.11040921	-0.1881456	-0.09858142	-0.09683487	-0.12644348	0.1668361	0.10627784
-0.40497804	0.38559642	0.45625404	0.46097177	-0.3201728	-0.42929298	0.40569115	-0.38040724	-0.43353713	0.45982823	0.10868994	0.46976614	0.44175285	0.44998032	-0.26548582	-0.4830413
-0.31854796	0.31453276	0.32732582	0.35926372	-0.21747825	-0.2681197	0.2596361	-0.22148332	-0.3047132	0.3429342	0.124467984	0.2801148	0.32081026	0.2962837	-0.17564091	-0.3527553
0.20176801	-0.1576495	-0.23145959	-0.25209442	0.08558451	0.20748219	-0.15607728	0.20632268	0.24247593	-0.1931525	-0.1442298	-0.14731716	-0.19753891	-0.17602725	0.13770188	0.2324594
0.32935658	-0.21428975	-0.24527918	-0.31539398	0.10240991	0.2544629	-0.2771477	0.27126348	0.2989182	-0.24461612	-0.2724794	-0.23896301	-0.2649733	-0.32067907	0.2805334	0.24575105
0.022719631	0.0339793	0.04734141	0.009803779	-0.0863389	-0.018951125	0.045717582	0.11292752	-0.03032822	-0.009351187	-0.13000274	0.00630188	0.05595399	0.0016586143	0.0712053	-0.0003775023
-0.36644042	0.31316158	0.38541123	0.3493368	-0.2781913	-0.3612796	0.3443583	-0.2891909	-0.3454942	0.3808085	0.18178578	0.40134406	0.3508494	0.34654346	-0.26216102	-0.36235058
-0.26175568	0.16022514	0.21739213	0.25464538	-0.12091618	-0.2501106	0.23713979	-0.18371794	-0.1519235	0.16795583	0.084037565	0.19426595	0.16395986	0.24847202	-0.07540185	-0.16918488
-0.4171593	0.4268877	0.36549237	0.39517912	-0.2336004	-0.36523625	0.42113116	-0.32533562	-0.43214077	0.39560345	0.14090663	0.46326	0.45334017	0.40647182	-0.33174774	-0.47606194
-0.4370382	0.42586118	0.40929148	0.36772555	-0.23009211	-0.31634718	0.34701985	-0.33589658	-0.36861044	0.3341701	0.10100531	0.39793596	0.35405472	0.44110507	-0.26439145	-0.39835808
0.40628126	-0.32076523	-0.3889575	-0.3928231	0.057928503	0.30902517	-0.3990193	0.2914621	0.3756318	-0.3463145	-0.26462588	-0.37169692	-0.28838754	-0.3720795	0.25841138	0.3641039
0.22891209	-0.18736945	-0.15909371	-0.1787333	0.020236913	0.15419352	-0.17313422	0.18562737	0.1990976	-0.23908767	-0.15434465	-0.2546888	-0.19138078	-0.25046661	0.21214464	0.20193169
0.34356406	-0.29210997	-0.29538456	-0.39648145	-0.01764717	0.23388383	-0.35338834	0.3665011	0.31895998	-0.3679868	-0.2184633	-0.34807903	-0.3487401	-0.3099609	0.3264575	0.3758089
0.40474838	-0.32182005	-0.30441865	-0.37175155	0.08434191	0.25047505	-0.31593812	0.2915018	0.3452706	-0.3238304	-0.2731854	-0.35708746	-0.35017836	-0.37899885	0.29878166	0.34544593
0.009337512	-0.014578301	0.03434742	-0.009705165	-0.15873598	-0.035865672	-0.023915837	0.05971385	0.0025091658	-0.05607153	-0.07201093	0.028969439	-0.008331574	-0.01765978	-0.0154445665	-0.042608436
0.06010883	-0.045540947	-0.08368064	-0.09837846	0.041522484	0.063869245	-0.116199635	0.065491155	0.093036555	-0.07207794	-0.09044596	-0.07181357	-0.08765144	-0.110010944	0.111709565	0.09243335
-0.017511286	0.00078344805	0.04246935	0.047783885	-0.09967082	-0.083388485	0.0114087965	-0.0025723241	-0.008706057	-0.0068458635	-0.03988697	0.0577216	0.084362015	0.008627265	0.013190784	0.013659305
0.041240882	-0.08549575	-0.02070372	-0.051158845	-0.0370457	0.018499264	-0.11376069	0.12663478	0.040673193	-0.028432572	-0.096060686	-0.08276212	-0.06795933	-0.11326387	0.060333226	0.051972598
0.832923	-0.8428697	-0.81822926	-0.852615	0.4443308	0.80476046	-0.85293406	0.777044	0.8291649	-0.79106486	-0.5381383	-0.85151607	-0.78870153	-0.90352	0.7520468	0.8410455
0.19815357	-0.177286	-0.23420402	-0.27700475	0.09416237	0.18170848	-0.19540367	0.25053865	0.23296458	-0.20201178	-0.15576558	-0.2122653	-0.18872525	-0.282557	0.18005037	0.21516536
-0.115179814	0.06827366	0.10813927	0.082266055	-0.10839949	-0.094582036	0.033805016	0.08084114	-0.024380308	0.011938599	-0.17778493	0.046017397	0.13991417	0.094563514	0.079055436	-0.05224848
-0.7833095	0.749887	0.7193094	0.75744945	-0.4164657	-0.7172518	0.6855094	-0.60073864	-0.641405	0.6878221	0.36281735	0.743856	0.74123436	0.7931877	-0.583057	-0.76939625
0.1012273	-0.13394684	-0.11516317	-0.13673748	0.10368514	0.08683152	-0.09269726	0.094663344	0.1699496	-0.17450015	-0.1236795	-0.119440906	-0.16720203	-0.10687731	0.07771523	0.112823054
-0.19802386	0.17404206	0.17620437	0.20761257	-0.18162625	-0.21812668	0.20026977	-0.14503773	-0.20651181	0.26293996	0.11547737	0.2318602	0.2562351	0.19779274	-0.15473744	-0.25680065
0.18765529	-0.15664002	-0.18971948	-0.22013372	0.005179706	0.14157392	-0.12646188	0.18793775	0.11779642	-0.13638568	-0.13050687	-0.16239281	-0.20376876	-0.16434364	0.14336205	0.11659893
-0.5296403	0.49067172	0.5339461	0.51735073	-0.39663246	-0.55809706	0.53671783	-0.3580806	-0.49986672	0.53095794	0.17632024	0.55259436	0.5247114	0.5500011	-0.38659388	-0.5800537
-0.032579977	0.034745358	-0.0359972	-0.03583702	-0.0051391213	-0.052100796	-0.028423535	-0.0008742473	0.03530101	0.05367125	-0.018055119	0.029545715	0.018346459	-0.03725924	0.05373671	0.003642816
-0.39013585	0.3552616	0.41245535	0.34799802	-0.32355496	-0.35981816	0.34667692	-0.2737735	-0.2949569	0.38723984	0.07764123	0.3730263	0.32092038	0.38589603	-0.21489754	-0.3996454
0.44778767	-0.4482827	-0.41997963	-0.4851282	0.21096998	0.47158253	-0.45066667	0.4183478	0.40748835	-0.46784815	-0.2207885	-0.48760143	-0.48115608	-0.50955355	0.3716683	0.43282446
-0.0054940563	-0.008887408	0.039183497	0.0025565913	0.015019396	-0.014376816	0.053026084	-0.016661776	-0.05082731	0.023631033	-0.06246093	-0.012945612	-0.008963466	0.033558983	-0.045665525	-0.0450936
0.46715719	-0.4148278	-0.39109716	-0.45781097	0.081155874	0.3681544	-0.4745486	0.45541078	0.4106957	-0.45600775	-0.33520624	-0.482224	-0.39106366	-0.5022101	0.37381536	0.5011142
0.15177354	-0.11937333	-0.06331472	-0.10500383	-0.035191316	0.06025598	-0.11552338	0.14878458	0.1534347	-0.12448131	-0.1631453	-0.051934514	-0.11745411	-0.120061114	0.1689654	0.09355416
0.37583557	-0.41133642	-0.3954326	-0.42923644	0.21919605	0.42105415	-0.4115373	0.42058262	0.40798202	-0.4082055	-0.24339941	-0.40087524	-0.39688432	-0.391606	0.40299052	0.39310566
0.3846844	-0.40758276	-0.40751374	-0.45277122	0.12858954	0.4236524	-0.39099544	0.34725773	0.4074899	-0.36544332	-0.21664116	-0.36630586	-0.38904062	-0.46349475	0.31107378	0.3697692
0.11662414	-0.17343307	-0.12653574	-0.11569216	0.20851974	0.15222874	-0.17400223	0.07221131	0.071480006	-0.09167357	0.11310859	-0.15845267	-0.11714135	-0.10803233	0.007951367	0.08577504
0.4759561	-0.47139427	-0.5258478	-0.5711288	0.18792324	0.40932268	-0.550943	0.48160306	0.44672713	-0.53367215	-0.36181313	-0.51208407	-0.5306829	-0.5448046	0.42745602	0.52954394
-0.42392164	0.3517689	0.41597247	0.3701659	-0.30440196	-0.42858112	0.42161098	-0.3785861	-0.32907635	0.4092411	0.18271115	0.34565985	0.36898425	0.395597	-0.29787943	-0.42388216
-0.37501225	0.37721696	0.3611514	0.44015425	-0.35946932	-0.32004225	0.41494945	-0.24955128	-0.31708327	0.36531547	0.08848403	0.37370786	0.42377555	0.40313068	-0.2426903	-0.44228426
-0.22239421	0.23307052	0.23681891	0.27315864	-0.23725305	-0.21943961	0.2482746	-0.21843083	-0.20456514	0.2838721	0.13880002	0.2256276	0.29896414	0.22344606	-0.1649266	-0.262667
-0.41653416	0.32530105	0.31775156	0.33959886	-0.2531701	-0.31169862	0.350678	-0.3235963	-0.28379276	0.31942007	0.08544757	0.305424	0.2926894	0.36596972	-0.2701445	-0.37169006
0.09867749	-0.03973818	-0.06725338	-0.08421464	-0.065757856	0.042834632	-0.11969928	0.09317391	0.11904559	-0.060522426	-0.061798558	-0.061654523	-0.093975015	-0.1334311	0.07486893	0.057677016
-0.45436192	0.38788864	0.42395943	0.48719335	0.019942835	-0.34403566	0.45658803	-0.46392235	-0.3769736	0.36909434	0.40603274	0.37844044	0.39846042	0.38270864	-0.4563723	-0.43573332
-0.11254628	0.11975807	0.1946732	0.18131323	-0.0993687	-0.16032033	0.180887	-0.0966216	-0.16551352	0.12854907	-0.028612582	0.17005631	0.14409412	0.13860676	-0.061027735	-0.19713531
0.1408674	-0.14329411	-0.12527488	-0.16162755	0.04584914	0.12195604	-0.10888974	0.12816975	0.1464142	-0.055162836	-0.043270692	-0.11365456	-0.14054468	-0.15685569	0.056754205	0.10695447
0.3423393	-0.24155147	-0.2690037	-0.33079702	-0.07301687	0.21055788	-0.2538353	0.33198693	0.2887501	-0.2776582	-0.19747144	-0.29840788	-0.25450474	-0.34660763	0.24448036	0.29763833
-0.030755373	-0.069028355	-0.023455609	-0.055194523	-0.20447284	0.024152413	-0.0029568658	0.065433905	0.020900736	-0.040851098	-0.11544578	-0.0057250303	-0.0496208	0.013470592	0.046794884	0.026641302
0.87978387	-0.78548896	-0.8031462	-0.83006525	0.4321215	0.7894477	-0.85101324	0.779196	0.73606443	-0.8068802	-0.48165083	-0.8536925	-0.75885314	-0.8155231	0.7140729	0.8154018
0.4056042	-0.43856922	-0.395214	-0.45562837	0.31733882	0.3974719	-0.41074574	0.41288272	0.4066918	-0.3863382	-0.2212381	-0.36829418	-0.4462427	-0.3795802	0.4047	0.42701724
-0.09333531	0.116611324	0.108933024	0.12113697	-0.116166584	-0.16937402	0.1432236	-0.071236975	-0.14290863	0.15332507	0.041466676	0.16007733	0.15383029	0.17863184	-0.14550911	-0.119824775
-0.33281788	0.2853164	0.31252766	0.33375934	-0.19269091	-0.2556295	0.24338849	-0.26718688	-0.2477505	0.22870609	0.15009174	0.2764544	0.27542102	0.23975678	-0.27322185	-0.30404508
0.014845064	-0.05176802	-0.023463588	-0.023744004	-0.053714104	0.07778392	-0.107737385	0.08513237	0.052839536	-0.057353035	-0.0715662	-0.09143139	-0.12707832	-0.056693487	0.11323813	0.049944308
-0.028085636	0.075937495	0.11506415	0.08329842	-0.042702314	-0.0688248	0.11184475	-0.07709283	-0.05525781	0.06814154	-0.002969411	0.047675416	0.1053974	0.102149606	-0.017327257	-0.053701486
-0.33100766	0.26348567	0.24433249	0.27985972	-0.28098756	-0.35862336	0.2948017	-0.24893455	-0.24424927	0.27293876	0.07467154	0.3401405	0.25709993	0.33428165	-0.21358246	-0.34100476
-0.3661093	0.26232797	0.27763093	0.31840786	-0.28022364	-0.2803936	0.26817745	-0.3105214	-0.31863138	0.2578401	0.16784965	0.29601756	0.28826392	0.34418464	-0.2716609	-0.3574452
0.5155082	-0.42743573	-0.4013643	-0.4620649	0.15041332	0.39696512	-0.42234385	0.49169636	0.40107414	-0.4754569	-0.34715873	-0.4684107	-0.4720822	-0.44458723	0.41448992	0.4695502
0.12847139	-0.10567441	-0.14121808	-0.19079131	-0.08444228	0.06077988	-0.122582614	0.17550018	0.1881948	-0.14537849	-0.22273938	-0.124250926	-0.10296187	-0.1744873	0.16115312	0.16615835
-0.27883258	0.21285734	0.29065606	0.24484757	0.013897204	-0.23027965	0.20943731	-0.33713785	-0.254407	0.22182809	0.301701	0.21938138	0.2851755	0.22295405	-0.39684823	-0.2396904
-0.007728276	0.04123284	0.06388111	0.0349664	-0.029725593	-0.059641387	0.038219724	-0.007854478	-0.06747365	0.07907326	-0.05472448	0.067661956	0.061557133	0.07761554	-0.044980343	-0.070059
-0.18232952	0.19637191	0.21796685	0.19850495	-0.23500355	-0.1603153	0.21545644	-0.09935339	-0.20384488	0.21113259	0.054147396	0.17386924	0.15164064	0.14734203	-0.06850546	-0.18768376
-0.22485553	0.23212305	0.2285755	0.24608323	-0.09975329	-0.20675294	0.24305029	-0.23318788	-0.19518355	0.23681095	0.17539375	0.28168297	0.28009847	0.2993519	-0.1965666	-0.28309757
-0.17996387	0.09807839	0.10397529	0.15820596	-0.21276124	-0.16191971	0.121046364	-0.13690266	-0.10475236	0.14158522	0.061469294	0.14377058	0.12812644	0.10817654	-0.1176153	-0.12837583
-0.25422806	0.3013425	0.25495726	0.2872378	-0.19443224	-0.23101908	0.21620956	-0.064360626	-0.17509308	0.24202515	-0.056335244	0.28587636	0.31690565	0.22207744	-0.03940359	-0.28869602
0.13831279	-0.11506457	-0.17600149	-0.18985729	-0.069242686	0.1550469	-0.20649238	0.12830251	0.1628167	-0.21241009	-0.13739856	-0.21419215	-0.14429288	-0.20170708	0.13776097	0.14197746
-0.13491903	0.16068442	0.2127359	0.21956876	-0.18998007	-0.21394882	0.14774455	-0.07508471	-0.10906512	0.19456308	0.0777878	0.17593747	0.19661507	0.21433544	-0.07413887	-0.18838996
-0.21048775	0.25660312	0.20000966	0.2737174	-0.20415048	-0.27075	0.28379196	-0.23631698	-0.22115704	0.23690362	0.13573101	0.25870398	0.25582135	0.27201083	-0.20671137	-0.28256765
0.1828464	-0.19412933	-0.13893276	-0.20453931	0.11487871	0.2097936	-0.23166706	0.29426903	0.14846896	-0.21501362	-0.2447847	-0.20862268	-0.18760234	-0.15043475	0.2261055	0.17774291
-0.5333535	0.5735232	0.5776855	0.56615454	-0.3314171	-0.53254247	0.5929064	-0.4541573	-0.5207325	0.5095899	0.27353302	0.5489743	0.53530735	0.5155518	-0.45963216	-0.51291203
0.12052494	-0.17209886	-0.114902616	-0.17138521	-0.009828877	0.0937009	-0.17365572	0.18500249	0.18296002	-0.1766738	-0.17285228	-0.10459331	-0.18560714	-0.14536293	0.11920956	0.17465413
-0.26539153	0.16206649	0.16744673	0.20804264	-0.1996622	-0.2021969	0.17660439	-0.14092219	-0.15835315	0.2040303	0.034302022	0.21994585	0.21699406	0.25531092	-0.109674744	-0.21250416
-0.7062706	0.70809084	0.73672915	0.731821	-0.46198815	-0.6794924	0.7438873	-0.65199	-0.6906578	0.75908023	0.4296274	0.7333404	0.6710438	0.69751453	-0.62394494	-0.7799408
0.1260457	-0.10028396	-0.15507211	-0.19536896	0.16283812	0.15304558	-0.13145185	0.19854884	0.2000589	-0.096940435	-0.09613766	-0.12992273	-0.18350561	-0.16196397	0.11695209	0.16494586
0.40397367	-0.4143144	-0.42507112	-0.47546074	0.19596283	0.36149785	-0.4495896	0.40318274	0.36089015	-0.42974228	-0.30269283	-0.43664637	-0.4516525	-0.44782847	0.37919003	0.44789043
-0.24244314	0.21834795	0.23612423	0.22007366	-0.16201231	-0.2650532	0.26179776	-0.19885115	-0.2574821	0.27075502	0.030507453	0.23340246	0.25672534	0.28432545	-0.13453329	-0.20279822
0.10268656	-0.1555049	-0.14305665	-0.17800301	-0.057405267	0.07430577	-0.17388737	0.09975505	0.09636029	-0.17925553	-0.062792994	-0.1797331	-0.09339316	-0.14495507	0.11329311	0.1375812
-0.49636766	0.5627833	0.48731515	0.58192545	-0.37177247	-0.49536413	0.50868595	-0.4478372	-0.48030028	0.47390893	0.2451726	0.51620495	0.51339436	0.58886856	-0.45137277	-0.57393265
-0.2139447	0.19789998	0.20037068	0.19090982	-0.19397616	-0.1627691	0.18412566	-0.18896289	-0.16461116	0.21112353	0.06029982	0.19581394	0.17187253	0.18922321	-0.18184142	-0.250692
-0.3230927	0.26815704	0.30226824	0.30375966	-0.18011655	-0.28802183	0.30021495	-0.11565812	-0.24124205	0.28355014	0.06704904	0.31351578	0.25040585	0.29894966	-0.17753382	-0.23494242
-0.46979368	0.4286062	0.4475831	0.47292143	-0.3025157	-0.45063552	0.39374027	-0.33979312	-0.3783869	0.38293353	0.23546407	0.46186563	0.42976248	0.48054206	-0.28005922	-0.46250233
-0.15248954	0.14343388	0.10487062	0.15928581	-0.17849302	-0.1689951	0.1518759	-0.059588116	-0.12651679	0.12907664	-0.09149462	0.1262298	0.09387177	0.089866206	-0.054125156	-0.16133729
0.21225855	-0.23563239	-0.23326196	-0.2263321	4.928738e-05	0.19075213	-0.22373527	0.14209689	0.22089891	-0.2126476	-0.04082363	-0.16223145	-0.13460547	-0.25468227	0.14911988	0.22486286
-0.33149034	0.2851473	0.3232101	0.350503	-0.22273548	-0.3249823	0.36052367	-0.19099301	-0.27972656	0.2765767	0.18132463	0.28954786	0.31431928	0.32695222	-0.23604393	-0.323567
0.7063115	-0.66163296	-0.70394593	-0.77242494	0.30970517	0.5978546	-0.7309644	0.62547666	0.65399325	-0.6934416	-0.4784801	-0.7595974	-0.6752418	-0.7327815	0.5925364	0.7352195
0.058441337	-0.055397898	0.023848997	-0.0041224915	-0.053052604	0.005403503	-0.06832222	0.15162662	0.035118803	-0.014199325	-0.13218772	-0.065983236	-0.043221857	-0.01756199	0.12091631	-0.018407727
0.20115359	-0.1415792	-0.18130334	-0.1924735	-0.0008793536	0.12515591	-0.11794359	0.1990731	0.21133766	-0.120069355	-0.18412623	-0.13417837	-0.1174326	-0.17117997	0.2048177	0.13915232
-0.43563575	0.41022918	0.43694907	0.41527128	-0.28985968	-0.43648505	0.46896243	-0.36499697	-0.39630765	0.38340196	0.055802424	0.39667737	0.44626883	0.41263992	-0.2555371	-0.45723525
-0.38730016	0.3489956	0.35557485	0.41297483	-0.18294372	-0.31716815	0.42351192	-0.3146252	-0.40026197	0.4375462	0.06814371	0.4277939	0.40604714	0.44205785	-0.2968019	-0.4554801
-0.63904786	0.54467666	0.55400777	0.6229496	-0.39509386	-0.52525514	0.6251885	-0.6186229	-0.58864826	0.62042636	0.40666395	0.5988085	0.6282785	0.6000643	-0.55420923	-0.6123678
-0.1852346	0.19230717	0.17630205	0.23123106	-0.21025158	-0.13965476	0.21615225	-0.17328817	-0.18932866	0.20062824	0.11501736	0.22824398	0.20566472	0.21593092	-0.1641702	-0.26275507
0.051495854	-0.08623316	-0.105013825	-0.13126887	0.014251756	0.09833467	-0.11012191	0.098939635	0.09139272	-0.1141767	-0.074924454	-0.0925055	-0.05807336	-0.09384814	0.08146274	0.11494958
-0.28399408	0.25755042	0.27623835	0.24399275	-0.21785435	-0.26747087	0.2364548	-0.12666094	-0.16125096	0.2842753	-0.05812276	0.2699261	0.21088459	0.28788188	-0.07910393	-0.22147304
0.010849448	0.0019912769	0.008699249	0.030592427	-0.0972123	-0.07836554	0.036686473	0.024168717	-0.011622251	0.04732127	-0.041405737	0.0045891786	-0.004760932	0.06536599	0.057963334	-0.017352162
0.1697953	-0.1358119	-0.11598964	-0.2123471	0.05935555	0.14275424	-0.15268347	0.18117963	0.13411707	-0.122611195	-0.08403261	-0.17712294	-0.17682503	-0.19144905	0.114768445	0.13372107
0.24301706	-0.22675441	-0.22032303	-0.22704871	0.095161065	0.23149514	-0.25307828	0.19808334	0.20381603	-0.21214384	-0.1430157	-0.22050802	-0.29624006	-0.21898554	0.18873848	0.19728425
0.4774209	-0.4420916	-0.42843974	-0.4493823	0.059947487	0.39053312	-0.45891356	0.4370911	0.42093134	-0.46725103	-0.275101	-0.45157832	-0.4806978	-0.44113356	0.41928253	0.4496178
-0.040338527	0.029984524	0.023380436	0.09649749	0.034497205	-0.06073957	-0.0057689804	-0.027385227	-0.0155674685	0.019573912	-0.08952963	0.09015299	0.055085555	0.031399727	0.033349812	-0.019303488
0.15485975	-0.11895013	-0.14248079	-0.19803183	-0.0046854946	0.15466718	-0.109107	0.10219393	0.14539823	-0.14218839	-0.09270292	-0.14181846	-0.1643861	-0.12256814	0.13392644	0.18248099
-0.20129445	0.24439129	0.18252112	0.16546112	-0.2462293	-0.20812418	0.22953336	-0.16246606	-0.20346607	0.17879942	0.056370933	0.17238744	0.24344438	0.20429723	-0.16123235	-0.19808038
0.18568711	-0.14326747	-0.17163265	-0.15177844	0.026352812	0.13570085	-0.18219405	0.14360309	0.16330138	-0.18075596	-0.15380405	-0.17519386	-0.20972304	-0.14721663	0.14837182	0.20056532
0.09343165	-0.14883997	-0.11794187	-0.11074658	0.050858762	0.08461336	-0.0757416	0.13343926	0.08408262	-0.14472233	-0.11392806	-0.12349907	-0.11075366	-0.0892713	0.140359	0.1598647
0.37582722	-0.42802474	-0.39684767	-0.38440502	0.20788433	0.37282008	-0.39140263	0.44639915	0.32787994	-0.37373838	-0.24161927	-0.43525034	-0.4409666	-0.42256406	0.33682972	0.34195134
0.37690583	-0.28847858	-0.32619953	-0.35289213	0.07741739	0.32068875	-0.34788886	0.31361246	0.3275576	-0.35083798	-0.18233126	-0.35074672	-0.32504213	-0.3537442	0.24232191	0.39093602
0.14121175	-0.14499019	-0.0888282	-0.1384475	-0.025944328	0.13865428	-0.15936837	0.23130919	0.19365951	-0.16971968	-0.22196382	-0.16152108	-0.10084734	-0.17286201	0.15118694	0.16110064
-0.4067674	0.4224679	0.42806235	0.44233373	-0.30042475	-0.45048994	0.38345152	-0.39550048	-0.42450133	0.42456782	0.19488873	0.42549166	0.45493174	0.46927354	-0.31491888	-0.4288371
-0.46717528	0.3495623	0.33527917	0.39567855	-0.3030268	-0.35797855	0.38172543	-0.31149572	-0.41617063	0.40182364	0.14260198	0.36804268	0.34184298	0.37732938	-0.31040064	-0.35473505
0.09327455	-0.004304281	-0.03933349	-0.09180156	-0.03814923	0.046412054	-0.08413971	0.046805765	0.10104239	-0.039356098	-0.04702554	-0.0566259	-0.0890664	-0.10832458	0.07330872	0.05419635
0.037456654	0.022084165	0.011386432	0.010913921	-0.06191092	0.03448724	0.0033378233	0.06526521	0.024685206	0.025248105	-0.07553013	-0.013003608	-0.045238644	0.053861976	0.049464382	0.00049049756
-0.612356	0.5785353	0.6461648	0.700731	-0.3859769	-0.6104653	0.5942977	-0.44459373	-0.52851593	0.5873613	0.09730706	0.67848176	0.5969323	0.6797821	-0.4321183	-0.66495854
-0.077554666	0.0679751	0.08644989	0.07216923	-0.0811857	-0.08215597	0.13731527	0.017459163	-0.065820396	0.07268797	-0.08397421	0.10456328	0.10419753	0.118141204	0.017586369	-0.085652515
0.19734989	-0.25374597	-0.19588523	-0.23528226	0.009428755	0.16111065	-0.19618072	0.18212636	0.19397268	-0.2092937	-0.13396536	-0.2546768	-0.18346873	-0.24172163	0.23749582	0.25732583
-0.61900157	0.57994086	0.47694972	0.61660564	-0.3301056	-0.6058234	0.49054378	-0.50106573	-0.5087605	0.55296004	0.255835	0.5464888	0.53766954	0.5791235	-0.4533093	-0.51782626
0.36247724	-0.34919503	-0.29030272	-0.38946715	-0.007356711	0.29610348	-0.3013037	0.37946227	0.2760047	-0.30236807	-0.27873746	-0.34927335	-0.30142418	-0.38947254	0.2673696	0.38699156
0.34951246	-0.30375198	-0.32193068	-0.34805372	0.24407998	0.3215326	-0.33228314	0.35118246	0.36815038	-0.31447032	-0.26034737	-0.34166288	-0.3821015	-0.3587141	0.3129702	0.40018293
-0.09676568	0.18819001	0.14258696	0.09040953	-0.13484214	-0.083910435	0.15086813	-0.06064873	-0.13529034	0.1007896	-0.046342872	0.15615448	0.19727464	0.15725346	-0.09979556	-0.16611172
-0.70425135	0.62895215	0.68360275	0.72592175	-0.4272698	-0.6986194	0.6761926	-0.67334056	-0.6680036	0.7132745	0.34554604	0.71921635	0.67451054	0.7179133	-0.5173318	-0.69886094
-0.4466882	0.37726134	0.43370494	0.4219848	-0.31893015	-0.4163141	0.37028682	-0.2950068	-0.3249211	0.4283548	0.13981812	0.37573937	0.4313433	0.4016439	-0.26423326	-0.41399682
-0.49007767	0.40148485	0.46130276	0.4318656	-0.22824427	-0.35138866	0.43538815	-0.3675037	-0.433712	0.4775151	0.12764724	0.39686403	0.38952315	0.4261331	-0.33340564	-0.38737288
-0.6489825	0.6289689	0.67459965	0.7127717	-0.36517653	-0.6103701	0.703484	-0.5667118	-0.57985985	0.6366862	0.3172128	0.6927301	0.60108286	0.6890201	-0.5414479	-0.6518008
-0.23895779	0.23886375	0.24285327	0.20713699	-0.2191698	-0.25665525	0.22885458	-0.19094945	-0.23289356	0.22827235	0.15895043	0.22053501	0.2879695	0.21039942	-0.18891202	-0.2966949
-0.2860184	0.2781411	0.23737212	0.20558368	-0.11780511	-0.22365436	0.21367346	-0.17998119	-0.24970426	0.26734206	0.049745996	0.2100299	0.18865505	0.22541872	-0.10773088	-0.22464752
-0.5419502	0.5730695	0.5227607	0.5407234	-0.269513	-0.46768934	0.5497277	-0.46362567	-0.49209338	0.5696744	0.034815922	0.57294697	0.5312352	0.57002413	-0.31047672	-0.6063505
0.02203294	-0.0052244747	0.001966619	-0.042224504	-0.014658464	-0.03564217	-0.056907717	-0.020847915	-0.0041630585	-0.031619035	-0.061228506	-0.028307764	-0.024981543	-0.032083347	-0.014329013	-0.024159411
-0.34468603	0.30729342	0.35033605	0.34474462	-0.19229527	-0.31535053	0.2751113	-0.25938874	-0.31032255	0.34164503	0.13220406	0.26441264	0.28716215	0.326624	-0.25160757	-0.26945704
-0.23568705	0.2289418	0.19332372	0.24559489	-0.0620051	-0.2507589	0.2323015	-0.09872763	-0.20648272	0.1910267	-0.045669504	0.18019101	0.19263883	0.1859546	-0.003467834	-0.16796409
-0.7365496	0.5929089	0.6014867	0.7199037	-0.38456443	-0.67637825	0.68165296	-0.5147399	-0.6318566	0.66030204	0.2718104	0.6241611	0.619881	0.6896167	-0.53148913	-0.6475307
0.24642631	-0.23064242	-0.21562116	-0.29364726	0.07239529	0.21916601	-0.25924936	0.17132123	0.17757143	-0.21723056	-0.11749267	-0.28024253	-0.26684943	-0.25970364	0.17710476	0.21177743
0.02917775	-0.08758525	-0.061651405	-0.095557526	-0.22582403	-0.043241337	-0.11928936	0.08604387	0.11503029	-0.07225535	-0.19724375	-0.0725337	-0.08444535	-0.07102457	0.13781479	0.056725718
-0.14097007	0.08446141	0.08563643	0.08669299	-0.07381367	-0.097205035	0.12577124	-0.11890016	-0.10039178	0.14000724	0.06960871	0.13037866	0.14871445	0.1615052	-0.071830146	-0.11568781
0.30796894	-0.20918447	-0.27230883	-0.3052926	0.066559345	0.29396203	-0.28271142	0.2862174	0.20881149	-0.23977098	-0.1686024	-0.2341634	-0.26748464	-0.25675133	0.23664571	0.2765881
-0.14122014	0.1023021	0.15913057	0.10009622	-0.17446499	-0.06809749	0.12507667	-0.08432983	-0.14879203	0.116482876	0.010910075	0.16988309	0.10483325	0.09757836	-0.12067745	-0.18057188
0.12213959	-0.027226806	-0.103564516	-0.056811646	0.029715698	0.08664075	-0.032755148	0.11518543	0.04035847	-0.064579904	-0.08400609	-0.020083724	-0.018074036	-0.08284605	0.12613514	0.03713722
0.28420824	-0.19388692	-0.22726841	-0.20773232	0.07163689	0.1699957	-0.1892704	0.26643345	0.20559788	-0.20871477	-0.1628873	-0.23606324	-0.19892158	-0.25324276	0.2532793	0.2619687
-0.06727956	0.078682944	0.042834885	0.015032693	-0.08494096	-0.017985592	0.06177246	-0.03610663	-0.02357057	0.052936167	0.061316215	0.06895457	0.048845556	0.052084297	-0.047114927	-0.078303516
-0.14856604	0.16943784	0.20009324	0.17759864	-0.12237706	-0.111604206	0.18817386	-0.037387233	-0.11122233	0.16051239	0.053762168	0.19245149	0.13005899	0.2002234	-0.09950435	-0.1630787
-0.50519115	0.52157587	0.5659717	0.51670194	-0.36719918	-0.5718075	0.52805364	-0.4138038	-0.46922916	0.4972791	0.22700723	0.5227129	0.48528907	0.5087624	-0.4122591	-0.57783324
-0.08824965	0.13894051	0.056169853	0.12432114	-0.041082844	-0.08523319	0.055876236	-0.006483597	-0.064025596	0.09632299	0.07610221	0.11406473	0.062917136	0.089272	-0.022356175	-0.09161169
-0.051440824	0.024980696	0.05257498	0.08077755	-0.0063765226	-0.060234163	0.047629807	-0.039907657	-0.044750616	0.035043273	0.03133096	0.070123985	0.09474152	0.03803168	-0.08310581	-0.040625013
-0.050511707	0.008445153	0.0059990943	0.05657756	-0.1465053	-0.052239615	0.056440715	0.031035472	-0.021551503	0.043563064	-0.110654466	-0.0019263858	-0.012643135	0.042224083	0.024305409	-0.031104777
-0.089150526	0.08602944	0.07629217	0.0828554	-0.20332177	-0.067693755	0.10438701	-0.05931018	-0.08045578	0.1294296	0.05121563	0.10241786	0.04975656	0.05142137	-0.10272725	-0.11901436
0.19098632	-0.24771836	-0.23813163	-0.25084847	0.07061252	0.18235259	-0.2597204	0.23619452	0.16433786	-0.25798026	-0.15235269	-0.22288495	-0.1890521	-0.2501833	0.19208549	0.18059263
0.0025925378	-0.028555768	-0.030192824	-0.055007316	0.052763842	0.052750394	-0.062143743	-0.0022270519	0.09249731	-0.008956023	-0.028428461	-0.057403676	-0.061329488	-0.05652251	0.013287136	0.039309576
0.15677746	-0.13579302	-0.2127129	-0.1756018	0.06425757	0.18541744	-0.1993831	0.22436814	0.16400602	-0.13508312	-0.14272171	-0.19357687	-0.21652055	-0.20917001	0.16745803	0.18721287
-0.11371902	0.09828569	0.02779768	0.09727239	-0.094109185	-0.13451283	0.106498495	-0.042477492	-0.049079686	0.014794102	-0.092055984	0.041725658	0.08196556	0.027787987	-0.016583465	-0.092238694
0.007714112	-0.007108238	0.034883734	-0.015358456	-0.12028878	-0.02589842	0.032364722	0.03610908	0.056986157	-0.027769215	-0.042265598	-0.021901296	0.0021312106	0.017967118	0.02864799	-0.02470037
0.4454293	-0.4274591	-0.38064006	-0.4210637	0.16537607	0.35760146	-0.47913995	0.47537062	0.4477374	-0.41268504	-0.26067358	-0.44816864	-0.4383483	-0.4328069	0.3690691	0.47029138
-0.3343911	0.3224032	0.2623901	0.2655783	-0.35504842	-0.30955702	0.28316036	-0.27404302	-0.31243357	0.28862655	0.038082942	0.2615865	0.2733978	0.27959958	-0.21769774	-0.28485847
0.6655993	-0.62328005	-0.6152316	-0.73595715	0.37602398	0.5846032	-0.6415983	0.6568535	0.67184	-0.6181883	-0.40012196	-0.6361045	-0.68098813	-0.6728903	0.60228455	0.668596
0.4465206	-0.38752076	-0.45672122	-0.44877172	0.24505924	0.4003797	-0.48180792	0.3487671	0.44287363	-0.41513506	-0.27466866	-0.41756046	-0.46027178	-0.4757229	0.318237	0.45247594
-0.17273118	0.11201189	0.16715822	0.14410092	-0.019800812	-0.15667205	0.18523161	-0.122345924	-0.17762937	0.11176612	0.07069814	0.181013	0.13102756	0.12348273	-0.08960554	-0.13318
-0.111572765	0.05879661	0.12094274	0.04620743	-0.0711613	-0.057164405	0.10036441	-0.07901176	-0.12725021	0.11373859	0.05868241	0.035717662	0.05898859	0.10484647	-0.0977827	-0.109089576
-0.4348354	0.4453666	0.36016795	0.45922923	-0.28308937	-0.42722136	0.39593968	-0.39246577	-0.3888787	0.44576082	0.21460548	0.42077735	0.37005785	0.47872022	-0.36555701	-0.47525573
0.06661519	-0.04577974	-0.0024005708	-0.0020386623	0.03962375	-0.011252908	-0.067859046	-0.022913082	0.006204567	-0.049957912	-0.000759594	-0.03767926	0.0013280875	-0.033896532	-0.023750054	-0.0010541641
0.019445296	-0.026792664	-0.042399622	-0.06185823	0.0074675074	0.08675936	-0.03297884	0.07850641	0.105018295	-0.016272826	-0.08152827	-0.111978136	-0.105412655	-0.040664602	0.022714742	0.031079527
-0.7183637	0.6377341	0.64367265	0.7163112	-0.374004	-0.6463858	0.6647936	-0.63007075	-0.6550624	0.67836046	0.3174924	0.72457147	0.713018	0.7050288	-0.4822816	-0.63804257
-0.40648952	0.3735308	0.42386112	0.42358178	-0.3254952	-0.38303065	0.36565313	-0.42862436	-0.39505595	0.3585801	0.25826836	0.44189727	0.4398861	0.43409938	-0.30469716	-0.3726548
-0.6525286	0.5513305	0.5767346	0.6169369	-0.3271142	-0.63461196	0.6334817	-0.53502893	-0.5200318	0.601935	0.28271523	0.59149134	0.63915277	0.6036318	-0.47941628	-0.67666376
-0.3934669	0.35809007	0.37852848	0.44866735	-0.26019	-0.39002994	0.36739787	-0.3351893	-0.3803378	0.39690524	0.14988907	0.4277549	0.39295542	0.42331237	-0.26308852	-0.39901844
0.2764702	-0.21989453	-0.27943692	-0.25057748	0.016535593	0.20586094	-0.28792906	0.20969617	0.28238323	-0.29258233	-0.13981129	-0.30664095	-0.24862899	-0.22613437	0.21778393	0.31251872
0.5947526	-0.579361	-0.6226906	-0.6828935	0.21029904	0.53973854	-0.62990576	0.60813624	0.64286184	-0.652457	-0.35442844	-0.656778	-0.56125313	-0.66619533	0.5424429	0.59114283
-0.31899473	0.33396998	0.30498928	0.35682863	-0.28283527	-0.33139083	0.2999796	-0.2587229	-0.2948352	0.37708706	0.24175617	0.3355282	0.32560268	0.3195213	-0.2752946	-0.41569263
-0.61381793	0.5819518	0.5222975	0.66500115	-0.38158074	-0.5321736	0.62239134	-0.52190334	-0.57592565	0.5894566	0.3017429	0.5759768	0.5881371	0.5908269	-0.41956282	-0.57037556
0.20953676	-0.17491508	-0.24644433	-0.18857418	0.15783323	0.18666099	-0.2502516	0.23639852	0.17783415	-0.18169416	-0.18786861	-0.18558408	-0.25170034	-0.2300313	0.25003943	0.2640639
-0.69590175	0.7005362	0.64097023	0.693669	-0.4238109	-0.7194602	0.7434154	-0.6494145	-0.6981069	0.73851603	0.38246095	0.72529274	0.70913076	0.7485973	-0.60370386	-0.7436672
-0.670588	0.63040686	0.59921944	0.64352655	-0.41688627	-0.5485657	0.6549947	-0.5386612	-0.59186196	0.65704376	0.2626227	0.6204685	0.6673315	0.68764275	-0.44710216	-0.63603675
0.17029364	-0.13044414	-0.14644782	-0.23721087	0.0026837199	0.17259404	-0.12873189	0.15103404	0.1899729	-0.22598527	-0.16002151	-0.19202691	-0.22000507	-0.17626335	0.19247746	0.16438253
-0.17648908	0.25315967	0.20152096	0.23562904	-0.19063714	-0.19906853	0.21601304	-0.25204492	-0.17906535	0.17911854	0.11566393	0.23190959	0.20956267	0.19513033	-0.18003932	-0.2137924
-0.19934522	0.22146808	0.20718578	0.15675303	-0.22818746	-0.16542152	0.13469875	-0.10322744	-0.13843188	0.13540408	0.06780595	0.2225399	0.19737968	0.20007417	-0.15069033	-0.16094875
0.06326613	-0.10131516	-0.052448764	-0.068421245	0.049182586	0.083028294	-0.06447153	0.037369456	0.08833468	-0.025952505	-0.075794145	-0.09815583	-0.033277735	-0.038085483	0.05484851	0.06927548
0.14831588	-0.09282454	-0.10429386	-0.16023345	-0.06357759	0.1599831	-0.116246626	0.14353646	0.1350472	-0.13238698	-0.19551112	-0.1251819	-0.112292856	-0.14231816	0.1539397	0.12082391
0.23965825	-0.26344565	-0.30167517	-0.27647433	0.039579146	0.23146515	-0.27098218	0.3414338	0.31120545	-0.31017995	-0.22516143	-0.23518386	-0.29071882	-0.31651428	0.23168087	0.32156965
-0.023189263	-0.0040509095	0.021934655	-0.043834206	-0.010396644	-0.023205152	0.011137491	0.0074973265	0.0063017677	0.024780603	-0.069175236	-0.046579145	0.030205466	-0.000531142	0.010566787	0.053578805
-0.5469601	0.4853699	0.494209	0.5413945	-0.32223722	-0.42284462	0.5408805	-0.36063355	-0.47582713	0.5411057	0.13655615	0.5075192	0.50165266	0.50782007	-0.39243805	-0.5618238
0.088604376	-0.044901997	-0.089881115	-0.037793446	-0.121029444	0.0025897662	-0.061889187	-0.0055119614	0.06899972	-0.034402315	-0.016237011	-0.029127112	-0.085219555	-0.046688292	0.013449786	0.10549062
0.21260023	-0.23899314	-0.17536864	-0.20965488	0.035220552	0.1816281	-0.19450662	0.20608445	0.17730883	-0.17723253	-0.13100861	-0.21470864	-0.18669525	-0.25110224	0.16850995	0.26273644
0.5461239	-0.47219402	-0.4854832	-0.5875122	0.23546551	0.44083598	-0.5314426	0.58927345	0.5503741	-0.56724715	-0.34886038	-0.5148338	-0.5580358	-0.56545055	0.4822524	0.5550735
0.3140658	-0.25835636	-0.20945835	-0.22991486	0.020298656	0.2504053	-0.29036286	0.22494133	0.22081333	-0.2143868	-0.14657924	-0.26081127	-0.20251973	-0.29188743	0.20250012	0.2200273
-0.04998664	0.054035686	-0.031507745	0.015351391	-0.08636868	0.014027125	-0.009144111	0.09956658	-0.009529499	0.01516694	-0.07910157	0.025105093	-0.008735196	-0.0017890197	0.040465325	-0.02805379
-0.17808448	0.14814012	0.18684572	0.19407791	-0.080534145	-0.15237458	0.17984281	-0.16296613	-0.10431031	0.12707457	0.048525184	0.13469714	0.21608876	0.18124612	-0.07471771	-0.19565496
0.007940112	0.04580606	0.008980014	-0.022578958	-0.11634025	0.018909816	-0.0009695986	-0.047342766	-0.041407254	0.040545803	0.0126575995	-0.014739782	-0.019502236	-0.037713733	-0.012990287	0.024905125
0.25768256	-0.24871759	-0.2014781	-0.22740987	0.14408645	0.25497448	-0.23226772	0.22206768	0.16975918	-0.25954702	-0.13361548	-0.18429498	-0.24688765	-0.21553889	0.21323517	0.21635912
-0.6505205	0.5626592	0.56977403	0.6162493	-0.42405793	-0.59400046	0.5665759	-0.55257756	-0.58903813	0.6276582	0.3931673	0.6293716	0.65418255	0.6535511	-0.51786417	-0.6299221
-0.30064717	0.33204988	0.3250092	0.29308122	-0.15090369	-0.2485272	0.32740948	-0.26334167	-0.27610746	0.24660267	0.15566373	0.30516016	0.34144837	0.33364803	-0.16786723	-0.32565162
-0.49666512	0.4387156	0.41436315	0.47667783	-0.4196021	-0.43055505	0.46914452	-0.28495252	-0.38967896	0.42169172	0.17721066	0.4704589	0.483961	0.41993737	-0.2623095	-0.4491267
-0.44337907	0.38542962	0.37178567	0.3884942	-0.34778506	-0.35041082	0.4217084	-0.19222414	-0.35405865	0.34903407	-0.023458155	0.4451867	0.42348084	0.43049708	-0.2013297	-0.37756863
-0.2531795	0.321839	0.2542869	0.25488335	-0.122496255	-0.1991561	0.2943323	-0.2527814	-0.3014488	0.27192223	0.07383845	0.29995567	0.28026572	0.29042736	-0.18948764	-0.25887835
-0.5884881	0.5679717	0.4839423	0.54693556	-0.36290625	-0.5765985	0.50353754	-0.52374315	-0.52131206	0.5491339	0.2959465	0.5567933	0.49966937	0.5820259	-0.40123373	-0.5649816
0.01656187	0.013201012	-0.051290184	0.0010394616	0.032245204	0.019782567	-0.044843916	0.03313954	-0.014020066	-0.028661372	-0.015270424	-0.045109358	0.019209253	-0.03347531	-0.017054291	-0.006496898
0.5311091	-0.4312912	-0.40304148	-0.52972156	0.15652066	0.4692503	-0.48120272	0.4407281	0.46621054	-0.5157945	-0.29220903	-0.511554	-0.49505466	-0.4531394	0.41323307	0.53714454
0.042019393	-0.03207165	-0.12155685	-0.07701328	0.027716728	0.06845395	-0.0933103	0.11000628	0.03454504	-0.10712485	-0.10543866	-0.028198386	-0.12926207	-0.0686141	0.14059782	0.10092738
0.1137262	-0.09930926	-0.055761896	-0.08104322	-0.021395545	0.07094689	-0.103409566	0.11870215	0.05704394	-0.050140426	-0.09280865	-0.07521119	-0.022508519	-0.03931809	0.09106569	0.063558444
0.6466322	-0.57784945	-0.5562215	-0.6270354	0.2009101	0.5372588	-0.61327934	0.5260891	0.57999945	-0.55260277	-0.36411852	-0.5648783	-0.5739859	-0.5587942	0.46846262	0.57714844
0.18302742	-0.22094104	-0.16904998	-0.1987718	-0.016979516	0.20245095	-0.23377655	0.17579782	0.17884816	-0.16724515	-0.19131365	-0.2280438	-0.18839273	-0.19787808	0.20471211	0.21049611
-0.09734963	0.042188663	0.075481705	0.04397096	-0.06226452	-0.058112636	0.10320129	0.03935227	-0.023257192	0.074421465	-0.05579733	0.07356461	-0.0024227984	0.009243308	0.04225348	-0.079082675
-0.36476883	0.40053877	0.38632944	0.44992688	-0.20715629	-0.3194084	0.44440928	-0.3234442	-0.40220952	0.4299349	0.21599278	0.3582266	0.3643028	0.3948293	-0.31919783	-0.41462874
-0.5698693	0.54665214	0.5741841	0.6397614	-0.4213669	-0.51898825	0.5900277	-0.50146353	-0.5796619	0.57505405	0.3529878	0.57071215	0.52986974	0.5371888	-0.4699301	-0.5828782
0.6868725	-0.70903265	-0.7011792	-0.6986432	0.46962044	0.6273272	-0.72350913	0.55816895	0.66279966	-0.6745685	-0.4316044	-0.6757896	-0.61696976	-0.6987423	0.58529747	0.65317273
-0.28734887	0.22874108	0.20444703	0.2898699	-0.1864047	-0.28738472	0.26028162	-0.12707059	-0.17175527	0.25568965	0.06393482	0.21681443	0.2857329	0.3084386	-0.18292263	-0.2602128
0.65777946	-0.60527825	-0.66706085	-0.707454	0.3256514	0.6342286	-0.67478645	0.578207	0.6313426	-0.64897335	-0.37774333	-0.66905427	-0.67626166	-0.696421	0.54248697	0.62495816
0.7571712	-0.6985841	-0.72173387	-0.7453767	0.4194372	0.5977022	-0.66412383	0.6414216	0.704828	-0.65447426	-0.50581443	-0.66615915	-0.71594644	-0.67866606	0.6110516	0.6915797
0.5292212	-0.49756268	-0.46298248	-0.5512143	0.31683075	0.5201249	-0.54743576	0.56025213	0.50182056	-0.5424988	-0.31924993	-0.5389235	-0.5221911	-0.48656234	0.4472824	0.5535667
-0.29960275	0.34186253	0.34492534	0.33518836	-0.36420912	-0.30270064	0.33057776	-0.27816412	-0.30066168	0.3009061	0.19649202	0.2844225	0.27787018	0.30100268	-0.25753173	-0.36356285
0.15572622	-0.110963196	-0.11691542	-0.19174346	0.08996993	0.11207801	-0.11736633	0.15574567	0.1623043	-0.20156756	-0.11348379	-0.17113297	-0.10973115	-0.19868869	0.15448415	0.20705684
-0.10128366	0.060606487	0.09462457	0.077150516	-0.15390629	-0.13035187	0.04972864	-0.08525995	-0.04443631	0.10504469	0.004469691	0.11184122	0.1566581	0.11548665	-0.014629096	-0.05448126
-0.19025734	0.15250346	0.1481536	0.15744029	-0.1002196	-0.13037284	0.13532631	-0.06120589	-0.12444391	0.17245494	0.059015464	0.11762712	0.09356397	0.1217939	-0.096507154	-0.1715001
0.08585794	-0.11626175	-0.12163965	-0.11384346	-0.0071098823	0.14760698	-0.11862044	0.068820864	0.09128494	-0.12615792	-0.14190796	-0.12574063	-0.08099081	-0.14776768	0.067839645	0.08938601
-0.71797055	0.68657	0.6551564	0.76308393	-0.48364633	-0.5980863	0.66943204	-0.5760293	-0.68411976	0.71393806	0.46069995	0.67213315	0.6781676	0.6894805	-0.54749584	-0.6795482
-0.11969974	0.11431072	0.086557515	0.0724256	-0.17108491	-0.14190121	0.078235485	-0.08450991	-0.13756354	0.12833455	0.0806408	0.08474149	0.16173905	0.15160331	-0.1269768	-0.11860726
-0.025464874	-0.036835995	0.01491941	-0.050276548	-0.011593281	-0.03460767	0.006898231	0.14001499	0.0057090633	0.013502933	-0.05561207	0.02761274	-0.05804333	0.019821687	0.09661993	0.0017719198
0.23153575	-0.16826302	-0.13574804	-0.21660583	0.026142918	0.21895775	-0.22736315	0.21336296	0.23448199	-0.22885574	-0.06755055	-0.14885089	-0.16812843	-0.2509789	0.09779906	0.2402904
-0.32967508	0.38003877	0.3854053	0.4019711	-0.24156976	-0.29632252	0.32522118	-0.21245058	-0.2846307	0.2986951	-0.034123976	0.30708295	0.3380139	0.40018487	-0.13368922	-0.36763513
-0.64776677	0.6221533	0.5938465	0.6160982	-0.36265403	-0.5899937	0.6349351	-0.56241906	-0.5493071	0.5792384	0.33073393	0.6391342	0.58546245	0.62877643	-0.50137556	-0.61943287
0.10957455	-0.12468892	-0.13858986	-0.07966098	4.9647497e-05	0.14895426	-0.115735024	0.083532654	0.10483449	-0.12997423	-0.071037486	-0.09073264	-0.097468644	-0.10562971	0.09009811	0.13851628
-0.42208773	0.40835956	0.33053324	0.3857994	-0.2408179	-0.2689236	0.3773957	-0.33382022	-0.3400621	0.38100895	0.21670842	0.3543774	0.39640802	0.37635404	-0.34071344	-0.40241936
-0.65231884	0.6539685	0.5765264	0.6463728	-0.48298594	-0.63284445	0.5999331	-0.5628044	-0.5970427	0.60121846	0.39767158	0.6021005	0.6240171	0.61499816	-0.49209198	-0.62290573
-0.39646575	0.29942518	0.35245964	0.3432167	-0.24954675	-0.39209273	0.31090254	-0.37008584	-0.370735	0.39006257	0.20014985	0.38440967	0.3210927	0.33330742	-0.33760253	-0.3882461
-0.47205046	0.4457278	0.44346112	0.5334785	-0.36458427	-0.44891593	0.51809037	-0.4092022	-0.49387124	0.46542442	0.19384247	0.44815698	0.43442523	0.5199719	-0.3830945	-0.5337917
0.27735776	-0.20920692	-0.2011161	-0.21460368	0.049490448	0.17124464	-0.20132186	0.2545145	0.2748663	-0.2311781	-0.21937127	-0.2745307	-0.22133736	-0.24684808	0.2086627	0.28990668
0.18136556	-0.16832535	-0.14042065	-0.1287887	0.19268659	0.20137073	-0.13574117	0.103415415	0.11323384	-0.11511451	0.16187626	-0.19297215	-0.20112091	-0.14424786	0.013373675	0.1756945
0.1072229	-0.035894565	-0.0814056	-0.072931275	0.025831673	0.12886195	-0.11504922	0.21197179	0.059462547	-0.104055114	-0.17065915	-0.049712244	-0.13022569	-0.07899041	0.13349032	0.081425235
0.3948417	-0.34795025	-0.35514072	-0.40101123	0.051484603	0.37435067	-0.3791363	0.37668264	0.31578758	-0.3642984	-0.29679236	-0.35874465	-0.34191135	-0.41457593	0.35748202	0.3515397
0.5723688	-0.5753495	-0.5741837	-0.6066214	0.18776523	0.5616932	-0.6065047	0.60398483	0.55176216	-0.57049346	-0.31861666	-0.6024043	-0.6194242	-0.59672314	0.484649	0.537753
0.531877	-0.57135147	-0.539039	-0.61078507	0.25460637	0.5095279	-0.56697524	0.6047092	0.56730014	-0.60728705	-0.407891	-0.6052091	-0.5924098	-0.6154343	0.48869374	0.6265824
0.47842553	-0.44256264	-0.44724518	-0.5543942	0.05889883	0.37290666	-0.43907565	0.49367848	0.46404108	-0.5046057	-0.31621236	-0.5088126	-0.45280385	-0.49596262	0.4324546	0.4786516
0.1423188	-0.19937252	-0.19233571	-0.15853812	0.1452141	0.18390444	-0.1333553	0.2001971	0.21874438	-0.19517815	-0.0758611	-0.23293406	-0.19941507	-0.13818105	0.18834691	0.19750783
0.36238343	-0.33324146	-0.33992735	-0.41226563	0.23987077	0.41847554	-0.4138064	0.30314678	0.36543795	-0.3614078	-0.24183077	-0.34635657	-0.39932388	-0.4127428	0.3534514	0.3728138
0.27526182	-0.30490932	-0.28273392	-0.31726256	0.085836984	0.23214766	-0.2971643	0.23418602	0.29218844	-0.3037976	-0.15325852	-0.26427296	-0.24361676	-0.3022724	0.17921408	0.22952896
-0.29943025	0.28525978	0.34666124	0.36750704	-0.22099037	-0.3104168	0.32302135	-0.25104418	-0.26989657	0.27258343	0.060979996	0.29514334	0.29219946	0.31196162	-0.1504268	-0.33035907
0.16366158	-0.16109166	-0.18028843	-0.1945592	0.11465559	0.13568358	-0.19759536	0.10973051	0.18038818	-0.17013094	-0.08870089	-0.19652201	-0.12299968	-0.13291846	0.08508173	0.16510892
0.2568043	-0.22708951	-0.28457424	-0.2598242	0.09367599	0.19805641	-0.25947267	0.20671915	0.19901825	-0.27124986	-0.12685722	-0.29458642	-0.20791976	-0.24160282	0.25066066	0.22986387
0.44880098	-0.47625324	-0.41576302	-0.49504533	-0.015416209	0.33259633	-0.49765322	0.43437344	0.45565346	-0.4891377	-0.25910056	-0.4370682	-0.39070895	-0.4580659	0.32325858	0.47916064
-0.1581041	0.12505253	0.1057752	0.1380921	-0.15392888	-0.16548008	0.1618307	-0.05741298	-0.120243944	0.15662175	-0.028748441	0.078976646	0.15667722	0.0942635	-0.021556044	-0.17205527
0.31041485	-0.29182288	-0.30767524	-0.30394524	0.010886139	0.28454208	-0.33421	0.39722028	0.25818536	-0.2706458	-0.23363388	-0.35445333	-0.29169887	-0.3073716	0.30424288	0.30460072
0.07646343	-0.07076893	-0.038010255	-0.07125353	0.067186505	0.07792219	-0.07304965	0.107317165	0.021006053	-0.11125684	-0.08672153	-0.02418532	-0.11183816	-0.07723372	0.06969121	0.044806354
-0.13526513	0.08225288	0.05964392	0.086632006	0.009568812	-0.024324566	0.091114275	-0.016682127	-0.10733818	0.08363279	-0.010420706	0.1359658	0.08195451	0.10689075	-0.03973709	-0.14917883
0.30578613	-0.21341749	-0.24514031	-0.27011865	0.08893503	0.21888538	-0.24658039	0.23131438	0.20827742	-0.23963359	-0.14718373	-0.290438	-0.29007423	-0.28740224	0.20581809	0.25548428
0.057645686	-0.098543495	-0.11263878	-0.13067372	0.018565001	0.12722228	-0.09229947	0.1859204	0.13643277	-0.072453976	-0.14247794	-0.039711837	-0.11862085	-0.115698315	0.1756392	0.0520997
0.024778116	-0.029605797	0.030717824	-0.031362858	-0.08460209	-0.008783318	0.050965525	-0.04940999	-0.03947482	-0.030033218	-0.030066654	-0.0013594761	0.02681162	0.021810623	0.017068546	0.010476695
0.03768134	3.267516e-05	0.0025754736	0.04690911	0.011838326	0.001992796	0.012250733	-0.047890566	0.03953844	0.044249646	-0.015080591	-0.048327006	0.03854237	-0.025850115	0.013315752	-0.028451512
-0.053203147	0.11180923	0.10367861	0.084987804	-0.027803022	-0.07617847	0.029093675	0.045327056	-0.028049467	0.04221332	-0.04106287	0.04290423	0.069657154	0.08003808	0.025128126	-0.06790793
0.2733247	-0.2853117	-0.21690197	-0.23547171	0.15407754	0.20652272	-0.2456115	0.26660475	0.28008232	-0.2832638	-0.17739755	-0.3036299	-0.21793586	-0.22912171	0.17272265	0.25542134
-0.1211567	0.11566438	0.08557559	0.12695424	-0.07181552	-0.119253255	0.10146983	-0.024522174	-0.12952915	0.1598618	0.0066888104	0.083311096	0.10213755	0.09391283	-0.019514037	-0.103026375
0.29316556	-0.26817116	-0.22551341	-0.32344612	0.21407592	0.30982223	-0.2315427	0.2455905	0.24465579	-0.286514	-0.2476811	-0.2692116	-0.2518131	-0.2808093	0.21967688	0.22621168
0.66337657	-0.5556587	-0.5788455	-0.6142284	0.4136719	0.63363737	-0.64545256	0.5631791	0.6286624	-0.6219315	-0.30432314	-0.5834837	-0.6186276	-0.6294153	0.4652153	0.5918319
-0.092683814	0.12950209	0.05278544	0.06006019	-0.06961431	-0.06623327	0.0449708	-0.1102085	-0.14639623	0.08122579	0.10629738	0.116276585	0.070422076	0.12666617	-0.06715699	-0.07949344
-0.29486597	0.27358952	0.32746533	0.30779138	-0.20357883	-0.25938886	0.3033149	-0.21011391	-0.25993252	0.34657466	0.11226897	0.36024183	0.29681826	0.35416558	-0.16463152	-0.29415354
0.59023064	-0.49552062	-0.5541225	-0.5715251	0.3596034	0.4918851	-0.6003428	0.4563438	0.54899	-0.52605593	-0.35264602	-0.589051	-0.5408604	-0.5507605	0.45178807	0.61379814
0.3326906	-0.2859666	-0.28555432	-0.3594676	0.16634494	0.238249	-0.33386764	0.29017293	0.32456613	-0.2909506	-0.16449104	-0.3595464	-0.30628556	-0.31222415	0.23668991	0.3241396
0.12829904	-0.10723641	-0.07289263	-0.13287482	0.121888116	0.12880975	-0.08646328	0.06709113	0.1264321	-0.1491784	-0.044078697	-0.089513734	-0.16231883	-0.1014743	0.11583109	0.08684815
0.13380039	-0.19734567	-0.1269774	-0.20122273	-0.10687059	0.13189681	-0.20544568	0.14755125	0.1693181	-0.20653379	-0.18586707	-0.18930304	-0.17786303	-0.14818192	0.123333246	0.18361013
-0.3879435	0.4107418	0.3514135	0.4053691	-0.2685004	-0.40592843	0.38519844	-0.41119304	-0.401597	0.3710327	0.28446147	0.43142554	0.38541564	0.36528578	-0.31647626	-0.45136574
0.014464781	-0.062659666	-0.035412475	-0.05256974	-0.1346858	0.0045366203	-0.0007865015	0.08348064	0.031441003	-0.058668435	-0.032956537	-0.00044679677	-0.047772344	-0.051974576	0.05567314	-0.010527231
-0.013149738	-0.007234398	0.06916386	0.05678482	-0.08882474	-0.022801368	0.020840205	-0.014824628	-0.008772941	-0.004495842	0.0075312615	0.036005013	-0.03997503	-0.033151977	-0.03855065	-0.010996432
0.10017557	-0.06330161	-0.07589985	-0.102192	-0.034627452	0.067609884	-0.11128576	0.17062902	0.08469972	-0.12916207	-0.12831192	-0.101059444	-0.12868944	-0.13933457	0.094762124	0.06811999
0.13022567	-0.09216342	-0.06823172	-0.06515918	-0.0034588792	0.10190015	-0.11512034	0.12974736	0.13136214	-0.04807178	-0.068166934	-0.08549555	-0.06488398	-0.1277717	0.096029684	0.123498365
0.019633792	-0.062356383	-0.032126434	-0.004267675	-0.04845817	0.08111546	-0.048497662	0.12851594	0.03576396	-0.029277813	-0.15591906	-0.066101976	-0.026271727	0.00069852616	0.13509363	-0.0012503336
-0.20206021	0.18487073	0.10018269	0.11188455	-0.054244846	-0.18320726	0.19127674	-0.13879257	-0.11865856	0.19911851	0.14712897	0.15602055	0.11383465	0.12173073	-0.08702491	-0.1113249
-0.13389294	0.06931816	0.033450015	0.10486949	-0.019452738	-0.03979823	0.06631918	-0.023699848	-0.058192503	0.09678697	0.08046593	0.09440102	0.08247533	0.078270055	-0.056999054	-0.11839516
0.6045366	-0.5177259	-0.50004697	-0.5995365	0.24925993	0.43827084	-0.49878153	0.5341645	0.46645638	-0.48194414	-0.33381233	-0.49625647	-0.47464636	-0.58679134	0.44017342	0.5247781
-0.028076261	0.02097039	0.00013279045	0.07839905	-0.1245727	-0.044518284	0.07875216	-0.037479945	-0.027941352	0.020030424	0.06710194	0.02910349	0.056324992	-0.009731038	-0.05022573	-0.07868504
0.3510623	-0.3886605	-0.3139605	-0.38950557	0.25496402	0.3432052	-0.30663463	0.3799601	0.3358901	-0.35836378	-0.24275973	-0.33349177	-0.35721922	-0.37603652	0.31296727	0.32794875
0.5454896	-0.5330222	-0.5552982	-0.6042024	0.24454619	0.52688515	-0.55020463	0.565659	0.5026423	-0.555548	-0.32914355	-0.56432736	-0.5807605	-0.50680685	0.4516241	0.59574026
0.48208976	-0.4561689	-0.42990306	-0.5227519	0.12524365	0.4077873	-0.45739973	0.49656156	0.4394743	-0.51737684	-0.3164416	-0.45596197	-0.5379419	-0.45098028	0.39361238	0.5405021
-0.5506298	0.4912533	0.5092085	0.6001356	-0.36381337	-0.48860472	0.50714093	-0.46632782	-0.5471659	0.5412114	0.24408	0.54365987	0.48437628	0.558963	-0.43308625	-0.57934415
-0.5675819	0.45336398	0.46457738	0.5269594	-0.28088287	-0.44701055	0.46141365	-0.37870017	-0.5081596	0.52136683	0.14402846	0.54318094	0.482891	0.57635474	-0.38352516	-0.52815336
-0.16915548	0.15552951	0.19583915	0.18433577	-0.13049056	-0.20051911	0.22203156	-0.21543807	-0.19529647	0.23495334	0.12993275	0.21401806	0.17392898	0.23236586	-0.16020122	-0.22445254
-0.12953518	0.099981435	0.11208919	0.10768295	-0.023938961	-0.03157315	0.07835039	-0.07245079	-0.08952026	0.10000118	0.03052192	0.050164122	0.13238232	0.06695809	-0.07392421	-0.08459054
-0.62626195	0.5390857	0.5416895	0.65917224	-0.4664502	-0.6146112	0.60940087	-0.48087674	-0.5979308	0.62920314	0.27494875	0.6538544	0.55436385	0.6191912	-0.43134964	-0.62783283
-0.003484292	0.015893009	0.055022847	0.077985086	0.0074677113	-0.027071774	0.05920708	-0.04835657	-0.012517637	0.0990022	0.024674615	0.082818	0.077905715	0.039196797	-0.054952856	-0.02649604
-0.47475523	0.44902217	0.5183265	0.5254179	-0.2708066	-0.49029395	0.45434427	-0.42891008	-0.45446736	0.45392507	0.124186784	0.45824584	0.5200247	0.50135845	-0.31803834	-0.46004164
0.062305663	0.003293215	-0.03531245	-0.07294695	-0.004036315	0.009035416	-0.00064764	0.08725557	0.08288759	-0.03508417	0.025827417	0.00024420288	-0.028412627	-0.027862202	0.0506414	0.048053376
0.31223246	-0.27959958	-0.2860243	-0.26134488	0.038146235	0.29847744	-0.29564232	0.28899127	0.23569208	-0.32142848	-0.23575503	-0.29809055	-0.26294562	-0.30688286	0.27989787	0.30195007
0.29169402	-0.27991608	-0.32559514	-0.36630917	0.1122659	0.19108923	-0.30181107	0.37321606	0.26772416	-0.29417315	-0.26080048	-0.34912485	-0.29104942	-0.34254745	0.36846164	0.28824696
0.209393	-0.17703882	-0.21826044	-0.18404941	0.17729731	0.19765267	-0.21499684	0.1728788	0.18879366	-0.21464264	-0.15908208	-0.17033249	-0.14284496	-0.21957922	0.2012147	0.20864677
-0.32480752	0.29574218	0.33849636	0.32975858	-0.17216611	-0.34070918	0.32937944	-0.33728155	-0.2734358	0.38061956	0.19909263	0.37057647	0.32007986	0.32683498	-0.23842148	-0.3567228
0.086157076	-0.117354155	-0.10516555	-0.071464725	-0.03291291	0.07767401	-0.1153137	0.07142769	0.08916024	-0.10845284	-0.13816747	-0.07400829	-0.08774889	-0.101092935	0.12058938	0.12106138
0.5904679	-0.47951472	-0.473703	-0.5890532	0.23323981	0.46151492	-0.4954196	0.47464636	0.45240226	-0.50902	-0.29210895	-0.5236082	-0.5371051	-0.5251904	0.44452736	0.56222165
-0.26143497	0.2003283	0.2659202	0.2184024	-0.15826766	-0.18261647	0.2559903	-0.2007994	-0.18695885	0.2097934	0.14831726	0.25291586	0.23927726	0.22540782	-0.18414108	-0.28393117
-0.40896136	0.40917677	0.36067447	0.37638068	-0.24925992	-0.34604597	0.3784834	-0.3939148	-0.41180992	0.41434172	0.23151307	0.43910623	0.44705108	0.36624664	-0.3995738	-0.44141623
0.19171429	-0.22176506	-0.24106874	-0.2123989	0.099563695	0.18500623	-0.19016054	0.18588042	0.1604101	-0.19117601	-0.07532388	-0.19811296	-0.17115918	-0.22278345	0.14359295	0.25446782
0.18506153	-0.1823315	-0.19814187	-0.25739306	0.024734525	0.15779315	-0.21227568	0.19027781	0.25819677	-0.23051529	-0.17182223	-0.24294575	-0.19359851	-0.2589612	0.2550218	0.17065513
-0.07657501	0.06424649	0.038980275	0.004643678	-0.07505413	-0.07158122	0.015264684	-0.016262552	-0.0640055	0.041975413	-0.01859103	0.008726949	0.07375612	0.104697816	-9.031719e-05	-0.08330462
-0.56541246	0.5283459	0.59561443	0.59092754	-0.3285699	-0.53150886	0.54481906	-0.4802654	-0.5650125	0.61476696	0.25041398	0.5908008	0.6033466	0.55872756	-0.50017047	-0.5473523
-0.11490858	0.13331975	0.17639598	0.13224766	-0.062630914	-0.11769629	0.10429629	-0.04494994	-0.07440489	0.08782426	-0.09764939	0.15639907	0.16675508	0.11543788	0.0076523917	-0.1841289
-0.25787956	0.2333112	0.24783567	0.30237266	-0.15800957	-0.2535308	0.2919236	-0.20561793	-0.2571851	0.276992	0.08907595	0.31242964	0.2729411	0.26047707	-0.15553005	-0.3350093
0.21009892	-0.1577944	-0.12636381	-0.17134875	0.15904179	0.1732916	-0.14776097	0.16305953	0.15540762	-0.19318163	-0.14335619	-0.16428012	-0.1916815	-0.19017932	0.18608986	0.20474498
0.18163924	-0.1658655	-0.14092886	-0.23095116	0.043836206	0.19105878	-0.18221484	0.17839542	0.12825711	-0.14394362	-0.10802395	-0.22517583	-0.17639804	-0.2287305	0.12797192	0.13308164
0.34702098	-0.384462	-0.3852468	-0.36868882	0.24743089	0.3396612	-0.33001155	0.33033922	0.29797798	-0.32703844	-0.20944095	-0.33780965	-0.36402076	-0.41519994	0.2666968	0.39994004
0.6492109	-0.61420894	-0.59529305	-0.6925318	0.35150045	0.5633917	-0.65407324	0.529845	0.54710764	-0.57000774	-0.4314628	-0.66950846	-0.60653174	-0.64132315	0.5033566	0.59544027
-0.54322946	0.57502884	0.55656534	0.6150744	-0.30911016	-0.5841071	0.5613732	-0.5425883	-0.52156204	0.5112789	0.27067295	0.5500495	0.50586426	0.52274096	-0.46231848	-0.5086557
-0.071608186	0.06714335	-0.016207946	0.091086574	0.0646864	-0.027264815	0.00032893266	-0.019414745	0.005705944	0.011080155	0.016828325	0.019045014	0.006408179	-0.0057849633	0.0034628487	-0.038693104
-0.18297793	0.18270794	0.20986378	0.18332502	-0.21595559	-0.2084554	0.17622317	-0.13155082	-0.16413161	0.18121937	0.01176004	0.2213886	0.16937852	0.21368973	-0.091933146	-0.15915461
-0.005824246	-0.04405804	-0.0057505276	-0.082590766	0.09931435	-0.009992326	-0.083285086	0.07203649	0.043828323	-0.034381147	-0.08755257	-0.08281111	-0.043388315	-0.061012823	0.057584014	0.0051855915
-0.120112635	0.18923151	0.15442204	0.11322511	-0.20513938	-0.17116173	0.1446592	-0.08060636	-0.113394745	0.1930987	0.04583627	0.18547232	0.120865345	0.17066634	-0.06449222	-0.20268616
-0.40251902	0.38501176	0.44950256	0.49186352	-0.25931802	-0.33931816	0.39226186	-0.3521311	-0.3780918	0.45625836	0.26518854	0.43969858	0.40990454	0.42987508	-0.40704215	-0.4796342
-0.58131206	0.5084759	0.528969	0.6139496	-0.350534	-0.51177627	0.529258	-0.5634823	-0.57219195	0.594846	0.29114538	0.6188841	0.5453618	0.5614997	-0.48024726	-0.5921439
-0.118262134	0.10184421	0.053380854	0.054774392	-0.11050777	-0.11500402	0.07781306	0.016306954	-0.0063013555	0.043418042	-0.10538047	0.06502104	0.10666916	0.084657855	0.013981849	-0.029321548
0.6263001	-0.5715962	-0.5179094	-0.62524176	0.38340676	0.5261995	-0.5337002	0.52340114	0.51813525	-0.55892015	-0.37436554	-0.55953944	-0.54576886	-0.59724647	0.52569324	0.55568093
-0.19236897	0.1502118	0.15920013	0.20824097	-0.16472565	-0.20724732	0.21842414	-0.12526867	-0.18903658	0.20725754	0.04792361	0.21999344	0.22629595	0.16132967	-0.09790991	-0.22366288
0.02993532	-0.031370588	0.029161107	0.025846442	-0.10376141	-0.0046442896	-0.02792352	-0.03242341	-0.0038702926	0.011835463	-0.054676276	0.030765256	0.053503808	-0.028292414	-0.00886675	-0.036199465
0.18154943	-0.17187491	-0.1793287	-0.1910085	-0.05649708	0.08538011	-0.103786506	0.121677846	0.14529382	-0.18602093	-0.14585178	-0.15500921	-0.09040983	-0.18676771	0.14299005	0.15253438
-0.43096775	0.36368486	0.42753595	0.41330072	-0.2143618	-0.37846062	0.42842957	-0.3892092	-0.3246104	0.34807187	0.21231993	0.36311975	0.4277812	0.3537736	-0.2903114	-0.37505108
0.024688732	-0.092648126	-0.099449076	-0.039202947	0.0010814111	0.055467464	-0.029055716	0.046747215	-3.323873e-05	-0.096894965	-0.06512738	-0.105403885	-0.012841998	-0.013532243	0.068586424	0.069966026
0.5001075	-0.4547242	-0.47788522	-0.51067835	0.19272974	0.4911211	-0.46547484	0.5043466	0.4564141	-0.4942674	-0.33714196	-0.49300343	-0.47629264	-0.5542508	0.4473177	0.5497534
0.42031845	-0.38470194	-0.3414002	-0.41109598	0.018425897	0.34954602	-0.45338482	0.33509547	0.39843667	-0.4020883	-0.24391137	-0.44185	-0.3583216	-0.42812908	0.35275033	0.39006525
-0.03624609	0.038365208	0.10727955	0.0447694	-0.19755948	-0.06464736	0.057740826	-0.015411873	-0.022612954	0.01333265	-0.10805544	0.06632682	0.03383497	0.11717423	0.05411668	-0.08273373
-0.11226388	0.12741038	0.099297516	0.09700718	-0.19419482	-0.14484075	0.06515408	-0.13317905	-0.057843037	0.07111039	0.010362981	0.12011272	0.090422586	0.1070799	-0.0755982	-0.12402032
-0.18744262	0.10343952	0.17351879	0.16176116	-0.08888606	-0.13882264	0.1666422	-0.16260698	-0.10374987	0.15407062	0.045628455	0.12760165	0.08785096	0.12366352	-0.081843086	-0.10205302
0.42128134	-0.40763813	-0.44046706	-0.45855424	0.14508863	0.3923247	-0.42834547	0.4051895	0.42070013	-0.46323052	-0.2463542	-0.43333632	-0.38289028	-0.3880334	0.35118175	0.37845987
